NUMBER;NAME;DESIG;FAM;S;CLASS;S;F;DIA;S;H;B;S;F;ALBEDO;F;PERIOD;P;DESC;F;AMIN;AMAX;U;NOTES;BIN;PRI;SAM;SD;WF
221;Eos;;EOS;S;K;S;;103.87;M;7.67;;S;;0.14;;10.443;;;;0.05;0.12;3;;;;Y;;
320;Katharina;;EOS;A;S;C;;24.57;M;10.8;;A;;0.14;;6.893;;;;0.19;0.21;3;;;;;;
339;Dorothea;1892 G;EOS;S;K;S;;38.25;M;9.24;;A;;0.2431;;5.974;;;;0.06;0.1;3;;;;;;
450;Brigitta;1899 EV;EOS;T;CSU;D;;33.46;M;10.1;;D;;0.1439;;10.7657;;;;0.22;0.31;3;;;;Y;;
513;Centesima;1903 LY;EOS;S;K;S;;50.15;M;9.75;;S;;0.0885;;5.23;;;;0.18;0.45;3;;;;Y;;
520;Franziska;1903 MV;EOS;T;CGU;D;;28.61;L;10.69;;S;;0.1143;;16.507;;;;0.35;0.51;3;;;;Y;;
529;Preziosa;1904 NT;EOS;T;S;D;;31.84;L;10.25;;S;;0.1384;;27;;;;;0.56;2;;;;Y;;
562;Salome;1905 QH;EOS;T;S;D;;30.56;L;10.05;;S;;0.1806;;6.351;;;;0.17;0.37;3;-;;;Y;;
573;Recha;1905 RC;EOS;A;S;D;;48.21;M;9.4;;D;;0.1321;;7.1663;;;;0.2;0.34;3;;;;Y;;
579;Sidonia;1905 SD;EOS;S;K;D;;85.95;L;7.84;;S;;0.1748;;16.286;;;;0.02;0.28;3;-;;;Y;;
590;Tomyris;1906 TO;EOS;A;S;D;;39.78;L;10.01;;D;;0.1106;;5.562;;;;0.21;0.93;3;;;;Y;;
608;Adolfine;1906 VD;EOS;A;S;D;;25.39;M;10.9;;D;;0.1196;;8.3458;;;;0.16;0.37;3;;;;Y;;
633;Zelima;1907 ZM;EOS;S;S;S;;34.37;M;9.73;;S;;0.1918;;11.73;;;;0.14;0.49;3;;;;;;
639;Latona;1907 ZT;EOS;T;S;D;;70.8;L;8.41;;S;;0.1524;;6.193;;;;0.07;0.35;3;;;;Y;;
651;Antikleia;1907 AN;EOS;T;S;S;;33.04;M;10.01;;S;;0.1603;;20.299;;;;0.13;0.41;3;;;;Y;;
653;Berenike;1907 BK;EOS;S;K;D;;39.18;L;9.2;;S;;0.2404;;12.4886;;;;0.03;0.11;3;;;;;;
661;Cloelia;1908 CL;EOS;S;K;D;;48.08;M;9.6;;D;;0.1104;;5.536;;;;;0.26;3;;;;;;
669;Kypria;1908 DQ;EOS;T;S;S;;31.75;M;10.24;;S;;0.1405;;14.283;;;;0.17;0.64;3;;;;Y;;
742;Edisona;1913 QU;EOS;S;K;S;;45.6;M;9.55;;S;;0.1286;;18.52;;;;0.24;0.3;3;;;;Y;;
766;Moguntia;1913 SW;EOS;T;MU;D;;31.18;L;10.27;;S;;0.1417;;4.8164;;;;0.06;0.23;3;;;;;;
775;Lumiere;1914 TX;EOS;T;S;D;;33.54;L;10.48;;S;;0.1009;;6.103;;;;0.19;0.28;3;;;;Y;;
798;Ruth;1914 VT;EOS;T;M;D;;43.01;M;9.6;;D;;0.138;;8.55;;;;0.19;0.36;3;;;;Y;;
807;Ceraskia;1915 WY;EOS;T;S;D;;26.15;L;10.69;;S;;0.1368;;7.368;;;;0.25;0.49;3;;;;Y;;
833;Monica;1916 AC;EOS;A;S;C;;21.4;M;11.1;;A;;0.14;;12.09;;;;0.11;0.19;3;;;;;;
890;Waltraut;1918 DK;EOS;T;CTGU:;S;;27.33;M;10.78;;S;;0.1153;;12.581;;;;0.3;0.36;3;;;;Y;;
992;Swasey;1922 ND;EOS;A;S;D;;27.52;M;10.5;;D;;0.1471;;13.308;;;;;0.17;2;;;;;;
1033;Simona;1924 SM;EOS;A;S;D;;24.71;M;11.1;;D;;0.105;;10.07;;;;;0.04;1;+;;;;;
1075;Helina;1926 SC;EOS;T;SU;S;;35.52;S;10.15;;S;;0.122;;44.9;;;;0.64;0.91;3;-;;;Y;;
1087;Arabis;1927 RD;EOS;T;S;D;;31.67;L;9.79;;D;;0.2137;;5.794;;;;0.14;0.4;3;;;;Y;;
1095;Tulipa;1926 GS;EOS;A;S;D;;31.53;L;10.4;;D;;0.1229;;2.7872;;;;0.14;0.23;3;;;;Y;;
1105;Fragaria;1929 AB;EOS;T;ST;D;;36.95;L;10.19;;D;;0.1086;;5.4312;;;;;0.33;3;-;;;Y;;
1112;Polonia;1928 PE;EOS;A;S;S;;35.76;M;10.05;;S;;0.1319;;82.5;;;;0.2;0.26;2;;;;;;
1129;Neujmina;1929 PH;EOS;T;S;D;;34.8;L;10.15;;D;;0.127;;5.0844;;;;0.06;0.2;3;;;;;;
1148;Rarahu;1929 NA;EOS;S;K;S;;33.23;M;10.15;;S;;0.1393;;6.5447;;;;0.05;0.94;3;-;;;Y;;
1174;Marmara;1930 UC;EOS;A;S;D;;16.46;M;11.4;;D;;0.1795;;12;;;;;0.2;2;;;;;;
1186;Turnera;1929 PL;EOS;S;S;S;;35.56;M;9.2;;S;;0.2919;;12.085;;;;0.2;0.34;3;;;;;;
1199;Geldonia;1931 RF;EOS;T;CGTP:;S;;31.25;S;10.36;;S;;0.1299;;28.3;;;;;0.11;2;-;;;Y;;
1207;Ostenia;1931 VT;EOS;A;S;D;;23.05;M;10.8;;D;;0.1591;;9.073;;;;0.5;0.7;3;;;;Y;;
1210;Morosovia;1931 LB;EOS;T;MU:;S;;33.65;M;9.91;;S;;0.1695;;15.2616;;;;0.36;0.56;3;;;;Y;;
1220;Crocus;1932 CU;EOS;A;S;C;;15.79;L;11.76;;A;;0.14;;491.4;;;;0.15;1;3;T0;;;Y;;
1234;Elyna;1931 UF;EOS;S;K;D;;26;L;10.77;;D;;0.1286;;5.4221;;;;0.21;0.37;3;;;;;;
1265;Schweikard;a                    1911 MV;EOS;A;S;C;;20.44;M;11.2;;A;;0.14;;18.13;;;;;0.07;1;;;;;;
1287;Lorcia;1933 QL;EOS;A;S;C;;21.7;M;11.07;;A;;0.14;;8.8776;;;;;0.46;2;N;;;;;
1291;Phryne;1933 RA;EOS;A;S;D;;26.52;L;10.67;;D;;0.1355;;5.5841;;;;0.38;0.86;3;;;;Y;;
1297;Quadea;1934 AD;EOS;A;S;C;;23.47;M;10.9;;A;;0.14;;6.267;;;;0.21;0.35;3;;;;;;
1339;Desagneaux;a                    1934 XB;EOS;A;S;D;;22.97;M;10.8;;D;;0.1602;;9.38;;;;0.45;0.48;3;;;;Y;;
1353;Maartje;1935 CU;EOS;A;S;D;;34.16;M;9.9;;D;;0.166;;22.93;;;;0.25;0.46;3;;;;Y;;
1364;Safara;1935 VB;EOS;A;S;C;;25.73;M;10.7;;A;;0.14;;7.25;;;;;0.36;3;-;;;Y;;
1388;Aphrodite;1935 SS;EOS;A;S;D;;25.17;M;10.9;;D;;0.1217;;11.9432;;;;0.34;0.65;3;;;;Y;;
1411;Brauna;1937 AM;EOS;A;S;D;;31.13;M;11;;D;;0.0726;;4.9;;;;;0.15;3;;;;;;
1413;Roucarie;1937 CD;EOS;A;C;D;;21.23;M;11.3;;D;;0.1183;;6.357;;;;;0.5;3;;;;Y;;
1416;Renauxa;1937 EC;EOS;T;S;D;;28.75;M;10.7;;D;;0.1122;;8.7;;;;0.11;0.4;3;;;;;;
1434;Margot;1936 FD1;EOS;T;S;D;;29.49;L;10.66;;D;;0.1106;;8.17;;;;;0.52;3;;;;;;
1464;Armisticia;1939 VO;EOS;A;S;C;;22.41;M;11;;A;;0.14;;7.5;;;;;0.54;3;;;;Y;;
1532;Inari;1938 SM;EOS;T;S;D;;28.44;M;10.7;;D;;0.1146;;25;;;;;0.09;1;+;;;;;
1533;Saimaa;1939 BD;EOS;T;S;D;;26.16;L;10.77;;D;;0.127;;7.115;;;;0.18;0.26;3;;;;Y;;
1552;Bessel;1938 DE1;EOS;A;S;D;;18.33;M;11.4;;D;;0.1448;;8.996;;;;;0.29;3;;;;Y;;
1557;Roehla;1942 AD;EOS;A;S;C;;17.8;M;11.5;;A;;0.14;S;5.679;;;;;;2;N;;;Y;Y;
1604;Tombaugh;1931 FH;EOS;S;X;D;;32.25;L;10.65;;D;;0.0933;;7.24;;;;0.16;0.35;3;-;;;Y;;
1605;Milankovit;ch                   1936 GA;EOS;A;S;D;;32.38;M;10.2;;D;;0.1401;;11.6;;;;0.12;0.14;2;;;;;;
1641;Tana;1935 OJ;EOS;A;S;D;;25.98;L;10.64;;D;;0.1451;;7.95;;;;0.32;0.33;3;-;;;Y;;
1654;Bojeva;1931 TL;EOS;A;S;D;;27.04;M;10.7;;D;;0.1268;;10.5559;;;;;0.27;2;;;;;;
1723;Klemola;1936 FX;EOS;T;S;S;;31.3;L;10.05;;S;;0.1707;;6.2545;;;;0.16;0.41;3;;;;Y;;
1732;Heike;1943 EY;EOS;A;S;D;;24.17;M;10.9;;D;;0.132;;4.742;;;;0.27;0.32;3;;;;Y;;
1737;Severny;1966 TJ;EOS;A;S;C;;21.4;M;11.1;;A;;0.14;;9.223;;;;0.12;0.17;2;+;;;;;
1753;Mieke;1934 JM;EOS;A;S;C;;22.41;M;11;;A;;0.14;;8.8;;;;;0.2;2;P;;;Y;;
1758;Naantali;1942 DK;EOS;A;S;C;;20.44;M;11.2;;A;;0.14;;5.4699;;;;0.44;0.46;3;;;;Y;;
1767;* Lampland;1962 RJ;EOS;A;S;C;;12.9;M;12.2;;A;;0.14;S;35.399;;;;;0.46;2;N;;;Y;;
1780;Kippes;A906 RA;EOS;A;S;S;;27.92;L;10.68;;S;;0.1212;;18;;;;;0.23;2;;;;;;
1786;Raahe;1948 TL;EOS;A;S;C;;23.47;M;10.9;;A;;0.14;;18.72;;;;0.15;0.48;3;;;;Y;;
1799;Koussevitz;ky                   1950 OE;EOS;S;K;D;;18.82;M;11.3;;D;;0.1506;;6.318;;;;0.25;0.4;3;;;;Y;;
1801;Titicaca;1952 SP1;EOS;A;S;D;;23.13;M;11.1;;D;;0.1199;;3.2106;;;;;0.5;3;;;;Y;;
1826;Miller;1955 RC1;EOS;A;S;D;;24.26;M;11.2;;D;;0.0993;;30.049;;;;;0.08;2;;;;;;
1834;Palach;1969 QP;EOS;A;S;C;;19.52;M;11.3;;A;;0.14;;3.139;;;;0.13;0.16;2;;;;;;
1844;Susilva;1972 UB;EOS;A;S;C;;22.41;M;11;;A;;0.14;;;;;;;0.47;;N;;;;;
1882;Rauma;1941 UJ;EOS;S;K;C;;18.64;M;11.4;;A;;0.14;;25;;;;;0.1;2;;;;;;
1887;Virton;1950 TD;EOS;A;S;C;;22.41;M;11;;A;;0.14;;;;;;;0.5;;N;;;;;
1903;Adzhimushk;aj                   1972 JL;EOS;A;S;C;;26.94;M;10.6;;A;;0.14;;4.622;;;;;0.04;2;;;;;;
1957;Angara;1970 GF;EOS;L;S;D;;18.38;L;11.43;;A;;0.14;;3.67;;;;;0.52;3;;;;;;
1992;Galvarino;1968 OD;EOS;A;S;C;;10.73;M;12.6;;A;;0.14;;7.004;;;;;0.6;3;;;;;;
2020;Ukko;1936 FR;EOS;A;S;D;;21.56;M;11.3;;D;;0.1147;;25.478;;;;;0.24;2;#NAME?;;;Y;;
2052;Tamriko;1976 UN;EOS;T;S;S;;30.45;M;10.48;;S;;0.1225;;7.462;;;;0.11;0.15;2;3;;;;;
2091;Sampo;1941 HO;EOS;A;S;D;;30.25;M;10.5;;D;;0.1218;;71.34;;;;;0.38;2;;;;;;
2111;Tselina;1969 LG;EOS;T;S;S;;24.54;M;10.45;;S;;0.1938;;6.563;;;;0.17;0.29;3;;;;Y;;
2115;Irakli;1976 UD;EOS;A;S;C;;18.83;T;11.38;;A;;0.14;;29.765;;;;0.34;0.36;2;;;;;;Y
2136;Jugta;1933 OC;EOS;A;S;C;;19.52;M;11.3;;A;;0.14;;6.4571;;;;0.37;0.45;3;;;;;;
2179;Platzeck;1965 MA;EOS;A;S;D;;19.79;M;11.2;;D;;0.1493;;5.995;;;;;0.24;3;;;;;;
2180;Marjaleena;1940 RJ;EOS;A;S;C;;22.41;M;11;;A;;0.14;;7.396;;;;0.25;0.43;2;;;;Y;;
2216;Kerch;1971 LF;EOS;A;S;C;;20.44;M;11.2;;A;;0.14;;9.462;;;;;0.78;3;-;;;;;
2263;Shaanxi;1978 UW1;EOS;A;S;D;;20.51;M;11.2;;D;;0.139;;41.7;;;;;0.36;2;-;;;;;
2309;Mr. Spock;1971 QX1;EOS;A;S;D;;21.29;M;11.3;;D;;0.1176;;6.722;;;;;0.56;3;;;;;;
2315;Czechoslov;akia                 1980 DZ;EOS;A;S;D;;23.52;M;10.6;;D;;0.1837;;10.0253;;;;;0.52;3;;;;;;
2345;Fucik;1974 OS;EOS;T;S;S;;26.63;M;10.8;;S;;0.1192;;17.12;;;;0.1;0.39;2;;;;;;
2358;Bahner;1929 RE;EOS;A;S;C;;20.44;M;11.2;;A;;0.14;;10.848;;;;0.33;0.43;3;;;;Y;;
2387;Xi'an;1975 FX;EOS;A;S;C;;16.1;T;11.72;;A;;0.14;;4.298;;;;;0.24;2;;;;;;Y
2416;Sharonov;1979 OF13;EOS;A;C;C;;32.03;M;11.2;;A;;0.057;;10.82;;;;;0.05;1;;;;;;
2425;Shenzhen;1975 FW;EOS;A;S;C;;20.44;M;11.2;;A;;0.14;;14.715;;;;;0.8;3;;;;Y;;
2443;Tomeileen;A906 BJ;EOS;A;S;D;;30.81;M;10.3;;D;;0.1412;;3.974;;;;0.1;0.13;2;;;;;;
2453;Wabash;A921 SA;EOS;A;S;C;;21.4;M;11.1;;A;;0.14;;6.878;;;;0.63;0.67;3;;;;;;
2459;Spellmann;1980 LB1;EOS;A;S;C;;14.99;T;11.87;;A;;0.14;;6.5334;;;;0.6;0.65;3;;;;Y;;
2471;Ultrajectu;m                    6545 P-L;EOS;A;S;C;;15.5;M;11.8;;A;;0.14;;3.875;;;;0.21;0.23;2;;;;;;Y
2476;Andersen;1976 JF2;EOS;A;S;D;;21.15;M;11.2;;D;;0.1308;;8.241;;;;;0.07;1;;;;;;
2522;Triglav;1980 PP;EOS;A;C;D;;20.57;M;11.4;;D;;0.115;;6.774;;;;;0.29;3;-;;;;;
2523;Ryba;1980 PV;EOS;A;S;C;;19.52;M;11.3;;A;;0.14;;9.39;;;;;0.18;3;;;;;;
2531;Cambridge;1980 LD;EOS;A;S;D;;19.15;M;10.9;;D;;0.2102;;12.2;;;;0.2;0.21;2;;;;;;
2562;Chaliapin;1973 FF1;EOS;A;S;C;;17.8;M;11.5;;A;;0.14;;11.45;;;;;0.4;3;;;;Y;;
2578;Saint-Exup;ery                  1975 VW3;EOS;A;S;C;;17.8;M;11.5;;A;;0.14;;8.146;;;;;0.22;3;;;;;;
2596;Vainu Bapp;u                    1979 KN;EOS;A;S;C;;8.52;M;13.1;;A;;0.14;;16.45;;;;0.19;0.22;2;;;;;;Y
2622;Bolzano;1981 CM;EOS;A;S;C;;13.25;T;12.14;;A;;0.14;;3.057;;;;;0.34;2;;;;;;Y
2636;Lassell;1982 DZ;EOS;A;S;C;;17;M;11.6;;A;;0.14;;5.012;;;;;0.27;3;-;;;;;
2661;Bydzovsky;1982 FC1;EOS;A;S;C;;17.8;M;11.5;;A;;0.14;;48.32;;;;;0.63;2;;;;;;
2677;Joan;1935 FF;EOS;A;S;C;;15.95;T;11.74;;A;;0.14;;16.97;;;;;0.52;2;;;;Y;;Y
2686;* Linda Susa;n                    1981 JW1;EOS;A;S;C;;16.23;M;11.7;;A;;0.14;S;8.7222;;;;;;2;N;;;Y;;Y
2706;Borovsky;1980 VW;EOS;A;S;C;;15.5;M;11.8;;A;;0.14;;63.846;;;;;0.61;2;;;;;;Y
2740;Tsoj;1974 SY4;EOS;A;S;C;;15.74;T;11.77;;A;;0.14;;22.042;;;;;0.89;2;;;;Y;;Y
2752;Wu Chien-S;hiung                1965 SP;EOS;A;S;C;;17.8;M;11.5;;A;;0.14;;36.343;;;;;0.28;2;;;;;;Y
2804;Yrjo;1941 HF;EOS;A;S;D;;22.65;T;11.7;;D;;0.0719;;8.12;;;;0.25;0.26;2;+;;;;;Y
2836;Sobolev;1978 YQ;EOS;A;S;C;;18.64;M;11.4;;A;;0.14;S;4.7549;;;;;;2;N;;;Y;Y;
2889;Brno;1981 WT1;EOS;A;S;C;;17.8;M;11.5;;A;;0.14;;9.51;;;;0.51;0.8;2;+;;;;;
2909;Hoshi-no-i;e                    1983 JA;EOS;A;C;C;;21.4;M;11.1;;A;;0.14;;;;;;;0.23;;N;;;;;
2928;Epstein;1976 GN8;EOS;A;S;C;;14.94;T;11.88;;A;;0.14;;8.509;;;;;0.37;2;;;;;;Y
2957;Tatsuo;1934 CB1;EOS;S;K;D;;25.16;M;10.8;;D;;0.1336;;6.8191;;;;0.52;0.53;3;;;;Y;;
3003;Koncek;1983 YH;EOS;A;S;C;;19.52;M;11.3;;A;;0.14;;8.023;;;;;0.51;3;-;;;;;
3028;Zhangguoxi;1978 TA2;EOS;S;K;D;;25.65;M;10.6;;D;;0.1545;;4.826;;;;0.12;0.25;3;;;;;;
3062;Wren;1982 XC;EOS;A;S;D;;24.97;M;10.8;;D;;0.1356;;7.097;;;;0.17;0.25;2;+;;;;;
3088;Jinxiuzhon;ghua                 1981 UX9;EOS;A;S;C;;14.24;T;11.98;;A;;0.14;;6.005;;;;;0.31;2;;;;;;Y
3140;Stellafane;1983 AO;EOS;A;S;D;;24.75;M;10.9;;D;;0.1258;;19.23;;;;;0.17;2;+;;;;;
3194;Dorsey;1982 KD1;EOS;A;S;C;;11.22;T;12.5;;A;;0.14;;17.81;;;;;0.44;2;;;;;;Y
3196;Maklaj;1978 RY;EOS;A;S;C;;12.56;T;12.26;;A;;0.14;;21.807;;;;;0.45;2;;;;;;Y
3232;Brest;1974 SL;EOS;A;S;C;;16.23;M;11.7;;A;;0.14;;5.288;;;;;0.25;2;;;;;;
3237;Victorplat;t                    1984 SA5;EOS;A;S;D;;25.94;L;10.58;;D;;0.1539;;10.36;;;;;0.24;2;;;;;;
3250;Martebo;1979 EB;EOS;A;S;C;;19.52;M;11.3;;A;;0.14;;9.495;;;;0.35;0.52;3;;;;;;
3262;Miune;1983 WB;EOS;S;X;C;;22.41;M;11;;A;;0.14;;18.692;;;;0.3;0.38;3;;;;;;
3310;Patsy;1931 TS2;EOS;A;S;C;;25.73;M;10.7;;A;;0.14;;9.36;;;;;0.15;3;;;;;;
3312;Pedersen;1984 SN;EOS;A;S;C;;15.49;T;11.8;;A;;0.14;;24.438;;;;;0.15;2;;;;;;Y
3318;Blixen;1985 HB;EOS;A;S;D;;23.55;M;10.9;;D;;0.1391;;6.456;;;;0.2;0.23;2;+;;;;;
3366;Godel;1985 SD1;EOS;A;S;C;;17.8;M;11.5;;A;;0.14;;4.684;;;;;0.2;2;+;;;;;
3425;Hurukawa;1929 BD;EOS;A;S;D;;25.25;M;11;;D;;0.1103;;24.84;;;;0.17;0.47;3;-;;;;;
3469;Bulgakov;1982 UL7;EOS;A;C;C;;21.4;M;11.1;;A;;0.14;;6.48;;;;;0.09;1;;;;;;
3506;French;1984 CO1;EOS;A;S;C;;13.68;T;12.07;;A;;0.14;;16.756;;;;;0.69;2;;;;;;Y
3560;Chenqian;1980 RZ2;EOS;A;S;D;;29.69;M;10.9;;D;;0.0874;;18.79;;;;;0.26;3;-;;;;;
3570;Wuyeesun;1979 XO;EOS;A;S;C;;18.17;T;11.46;;A;;0.14;;15.459;;;;;0.45;2;;;;;;Y
3582;Cyrano;1986 TT5;EOS;A;C;C;;16.23;M;11.7;;A;;0.14;;;;;;;;;N;;;;;
3638;Davis;1984 WX;EOS;A;S;D;;16.69;L;11.64;;A;;0.14;;8.9;;;;;0.4;2;;;;;;
3713;Pieters;1985 FA2;EOS;S;K;C;;17.8;M;11.5;;A;;0.14;;6.9;;;;;0.1;2;;;;;;
3721;Widorn;1982 TU;EOS;A;S;C;;13.02;T;12.18;;A;;0.14;;84.96;;;;;0.19;2;;;;;;Y
3772;Piaf;1982 UR7;EOS;A;S;D;;25.89;M;11.3;;D;;0.0796;;5.376;;;;0.45;0.53;3;;;;Y;;
3774;Megumi;1987 YC;EOS;A;C;C;;20.44;M;11.2;;A;;0.14;;;;;;;0.11;;N;;;;;
3820;Sauval;1984 DV;EOS;A;S;C;;10.53;T;12.64;;A;;0.14;;3.27;;;;;0.24;2;;;;;;Y
3896;Pordenone;1987 WB;EOS;A;S;L;;19.93;L;11.61;;L;;0.1009;;4.009;;;;0.24;0.37;3;;;;Y;;
3914;Kotogahama;1987 SE;EOS;A;S;C;;13.61;T;12.08;;A;;0.14;;16.716;;;;;0.28;2;;;;;;Y
3992;Wagner;1987 SA7;EOS;A;S;C;;17.8;M;11.5;;A;;0.14;;20.628;;;;;0.29;2;-;;;;;
4041;Miyamotoyo;hko                  1988 DN1;EOS;A;S;C;;20.44;M;11.2;;A;;0.14;;7.694;;;;;0.13;2;-;;;;;
4058;Cecilgreen;1986 JV;EOS;A;S;C;;17.8;M;11.5;;A;;0.14;;7.34;;;;0.15;0.25;2;;;;;;
4059;Balder;1987 SB5;EOS;A;S;C;;18.64;M;11.4;;A;;0.14;;9.7215;;;;;0.2;3;;;;;;
4077;Asuka;1982 XV1;EOS;A;S;C;;21.4;M;11.1;;A;;0.14;;7.919;;;;;0.4;3;-;;;Y;;
4078;Polakis;1983 AC;EOS;A;S;C;;20.44;M;11.2;;A;;0.14;;4.831;;;;0.32;0.38;3;;;;;;
4100;Sumiko;1988 BF;EOS;A;S;C;;16.23;M;11.7;;A;;0.14;;6.2108;;;;;0.31;3;;;;;;
4170;Semmelweis;1980 PT;EOS;A;S;C;;17;M;11.6;;A;;0.14;;5.31;;;;0.36;0.5;3;-;;;;;
4202;Minitti;1985 CB2;EOS;A;S;C;;16.24;M;11.7;;A;;0.14;;5.005;;;;;0.5;3;-;;;Y;;
4207;Chernova;1986 RO2;EOS;A;S;C;;17;M;11.6;;A;;0.14;;10.288;;;;0.08;0.1;2;;;;;;
4223;Shikoku;1988 JM;EOS;A;S;C;;24.57;M;10.8;;A;;0.14;;9.137;;;;0.17;0.19;3;;;;;;
4271;Novosibirs;k                    1976 GQ6;EOS;A;S;C;;17;M;11.6;;A;;0.14;;8.85;;;;;0.52;3;;;;Y;;
4290;Heisei;1989 UK3;EOS;A;C;C;;17.8;M;11.5;;A;;0.14;;10.63;;;;;0.3;3;-;;;;;
4357;Korinthos;2069 T-2;EOS;A;S;C;;16.23;M;11.7;;A;;0.14;;6.619;;;;;0.12;2;+;;;;;
4455;Ruriko;1988 XA;EOS;A;S;C;;16.23;M;11.7;;A;;0.14;;4.23;;;;;0.41;2;;;;;;
4493;Naitomitsu;1988 TG1;EOS;A;S;D;;20.63;M;11.2;;D;;0.1374;;5.04;;;;;0.07;1;+;;;;;
4498;Shinkoyama;1989 AG1;EOS;A;S;C;;16.23;M;11.7;;A;;0.14;;5.2068;;;;0.44;0.75;3;;;;;;
4505;Okamura;1990 DV1;EOS;A;S;D;;19.19;M;11.4;;D;;0.1321;;6.6687;;;;;0.5;3;;;;Y;;
4513;Louvre;1971 QW1;EOS;A;S;C;;12.09;T;12.34;;A;;0.14;;2.937;;;;;0.24;2;;;;;;Y
4529;Webern;1984 ED;EOS;A;S;C;;9.94;T;12.77;;A;;0.14;;3.469;;;;;0.49;2;;;;Y;;Y
4542;Mossotti;1989 BO;EOS;A;S;C;;17.8;M;11.5;;A;;0.14;;2.934;;;;0.1;0.24;3;;;;;;
4559;* Strauss;1989 AP6;EOS;A;S;C;;11.76;M;12.4;;A;;0.14;S;10.0802;;;;;;2;N;;;Y;;
4574;* Yoshinaka;1986 YB;EOS;A;S;C;;12.32;M;12.3;;A;;0.14;S;7.0274;;;;;;2;N;;;Y;;
4575;Broman;1987 ME1;EOS;A;S;C;;17;M;11.6;;A;;0.14;;10.774;;;;;0.65;3;;;;Y;;
4576;Yanotoyohi;ko                   1988 CC;EOS;A;S;C;;17.8;M;11.5;;A;;0.14;;9.4;;;;;0.27;3;;;;;;
4600;Meadows;1985 RE4;EOS;A;S;C;;14.81;M;11.9;;A;;0.14;;11.682;;;;;0.16;2;;;;;;
4668;Rayjay;1987 DX5;EOS;A;S;C;;13.5;M;12.1;;A;;0.14;;6.506;;;;;0.63;3;;;;;;
4714;Toyohiro;1989 SH;EOS;A;S;C;;16.33;T;11.69;;A;;0.14;;14.706;;;;;0.07;2;;;;;;Y
4749;Ledzeppeli;n                    1989 WE1;EOS;A;S;C;;15.5;M;11.8;;A;;0.14;;8.1938;;;;;0.21;3;-;;;;;
4756;Asaramas;1950 HJ;EOS;A;S;C;;10.78;T;12.59;;A;;0.14;;16.536;;;;;0.16;2;;;;;;Y
4800;Veveri;1989 TG17;EOS;A;S;W;;14.12;1 W;11.8;;W;;0.1687;S;6.2157;;;;;;;N;;;Y;;
4958;Wellnitz;1991 NT1;EOS;A;S;D;;27.61;M;11.5;;D;;0.0582;;;;;;;0.14;;N;;;;;
4976;Choukyongc;hol                  1991 PM;EOS;A;S;C;;13.67;T;12.07;;A;;0.14;;4.416;;;;0.78;0.88;3;;;;Y;;
4998;Kabashima;1986 VG;EOS;A;S;C;;12.12;T;12.33;;A;;0.14;;6.138;;;;;0.77;2;;;;;;Y
5039;Rosenkaval;ier                  1967 GM1;EOS;A;S;C;;10.11;T;12.73;;A;;0.14;;8.715;;;;;0.22;2;;;;;;Y
5042;Colpa;1974 ME;EOS;A;S;C;;17.8;M;11.5;;A;;0.14;;;;;;;0.1;;N;;;;;
5101;Akhmerov;1985 UB5;EOS;A;S;C;;11.76;M;12.4;;A;;0.14;;4.27;;;;;0.33;2;;;;;;Y
5191;Paddack;1990 VO3;EOS;A;S;C;;11.91;T;12.37;;A;;0.14;;5.865;;;;;0.08;1;;;;;;Y
5212;Celiacruz;1989 SS;EOS;A;S;C;;11.08;T;12.53;;A;;0.14;;5.598;;;;;0.26;2;;;;;;Y
5213;* Takahashi;1990 FU;EOS;A;S;C;;12.32;M;12.3;;A;;0.14;S;95.977;;;;;;2;N;;;Y;;
5281;Lindstrom;1988 SO1;EOS;A;S;C;;17;M;11.6;;A;;0.14;;;;;;;;;;;Y;Y;;
5403;Takachiho;1990 DM;EOS;A;S;C;;16.24;M;11.7;;A;;0.14;;3.959;;;;;0.29;3;-;;;;;
5449;1992 US5;1992 US5;EOS;A;S;C;;10.73;M;12.6;;A;;0.14;;3.329;;;;0.24;0.41;2;;;;Y;;
5471;Tunguska;1988 PK1;EOS;A;S;C;;17.8;M;11.5;;A;;0.14;;5.17;;;;;0.25;2;;;;;;
5571;Lesliegree;n                    1978 LG;EOS;A;S;C;;14.14;M;12;;A;;0.14;;6.953;;;;;0.16;2;;;;;;
5623;Iwamori;1990 UY;EOS;A;S;C;;14.81;M;11.9;;A;;0.14;;7.087;;;;;0.37;3;;;;;;
5755;* 1992 OP7;1992 OP7;EOS;A;S;C;;16.23;M;11.7;;A;;0.14;S;5.5752;;;;;;2;N;;;Y;;Y
5769;Michard;1987 PL;EOS;A;S;C;;10.2;T;12.71;;A;;0.14;;3.35;;;;;0.37;2;;;;;;Y
5808;Babel';1987 QV10;EOS;A;S;C;;14.14;M;12;;A;;0.14;;30.1;;;;;0.47;2;;;;;;
5902;* Talima;1987 QY10;EOS;A;S;C;;12.32;M;12.3;;A;;0.14;S;22.3733;;;;;;2;N;;;Y;;
6019;Telford;1991 RO6;EOS;A;S;C;;17;M;11.6;;A;;0.14;;5.76;;;;0.34;0.38;3;;;;;;
6025;Naotosato;1992 YA3;EOS;A;S;C;;17.8;M;11.5;;A;;0.14;>;10;;;>;;0.2;1;;;;;;
6136;Gryphon;1990 YH;EOS;A;S;C;;16.23;M;11.7;;A;;0.14;;16.476;;;;0.6;0.61;3;;;;Y;;
6166;Univsima;1978 SP4;EOS;A;S;C;;13.5;M;12.1;;A;;0.14;;9.6;;;>;;0.6;2;;;;Y;;
6241;Galante;1989 TG;EOS;A;S;C;;10.75;T;12.6;;A;;0.14;;20.151;;;;;0.06;1;;;;;;Y
6254;1993 UM3;1993 UM3;EOS;A;C;C;;13.5;M;12.1;;A;;0.14;;7.04;;;;;0.31;3;-;;;;;
6420;* Riheijyaya;1993 XG1;EOS;A;S;C;;12.32;M;12.3;;A;;0.14;S;8.2535;;;;;;2;N;;;Y;;
6464;* Kaburaki;1994 CK;EOS;A;S;C;;12.9;M;12.2;;A;;0.14;S;4.8011;;;;;;2;N;;;Y;;
6590;Barolo;1985 TA2;EOS;A;S;C;;11.23;M;12.5;;A;;0.14;S;8.3593;;;;;;2;N;;;Y;Y;
6665;* Kagawa;1993 CN;EOS;A;S;C;;12.9;M;12.2;;A;;0.14;S;6.7494;;;;;;2;N;;;Y;;
6733;1992 EF;1992 EF;EOS;A;S;C;;12.07;T;12.34;;A;;0.14;;11.357;;;;;0.5;2;;;;;;Y
6734;Benzenberg;1992 FB;EOS;A;S;C;;15.51;M;11.8;;A;;0.14;;196.708;;;;;0.41;2;;;;;;Y
6750;Katgert;1078 T-1;EOS;A;S;C;;9.36;T;12.9;;A;;0.14;;9.445;;;;;0.29;2;;;;;;Y
6923;* Borzacchin;i                    1993 SD;EOS;A;S;C;;6.17;M;13.8;;A;;0.14;S;6.5517;;;;;;2;N;;;Y;;
6938;Soniaterk;5140 T-2;EOS;A;S;C;;11.23;M;12.5;;A;;0.14;;8.33;;;;;0.29;2;;;;;;
6992;Minano-mac;hi                   1995 BT1;EOS;A;S;C;;13.5;M;12.1;;A;;0.14;>;24;;;>;;0.1;1;;;;;;
7046;Reshetnev;1977 QG2;EOS;A;S;C;;12.9;M;12.2;;A;;0.14;;;;;;;0.31;;N;;;;;
7139;Tsubokawa;1994 CV2;EOS;A;S;C;;9.78;M;12.8;;A;;0.14;;2.756;;;;0.16;0.18;2;;;;;;Y
7183;1991 RE16;1991 RE16;EOS;A;S;C;;10.93;T;12.56;;A;;0.14;;275.754;;;;;0.46;2;;;;;;Y
7494;Xiwanggong;cheng                1995 UV48;EOS;A;S;C;;10.01;T;12.75;;A;;0.14;;21.849;;;;;0.52;2;;;;;;Y
7583;Rosegger;1991 BA3;EOS;A;S;C;;7.35;T;13.42;;A;;0.14;;7.661;;;;;0.45;2;;;;;;Y
7616;* Sadako;1996 VF2;EOS;A;S;C;;14.14;M;12;;A;;0.14;S;11.0085;;;;;;2;N;;;Y;;Y
7667;1995 BL3;1995 BL3;EOS;A;S;C;;11.76;M;12.4;;A;;0.14;;15.3;;;;;0.23;2;;;;;;
7975;1974 FD;1974 FD;EOS;A;S;C;;9;T;12.98;;A;;0.14;;5.739;;;;;0.55;2;;;;;;Y
8042;1994 AX2;1994 AX2;EOS;A;S;C;;10.24;M;12.7;;A;;0.14;;8.133;;;;0.42;0.46;2;;;;;;Y
8085;1989 CD8;1989 CD8;EOS;A;S;C;;12.32;M;12.3;;A;;0.14;;7.75;;;;;0.2;2;;;;Y;;
8173;1991 RX23;1991 RX23;EOS;A;S;C;;5.88;T;13.9;;A;;0.14;;104.128;;;;;0.74;2;;;;;;Y
8316;Wolkenstei;n                    3002 P-L;EOS;A;S;C;;13.85;T;12.05;;A;;0.14;;4.57;;;;0.4;0.42;2;;;;;;Y
8538;Gammelmaja;1993 FR26;EOS;A;S;C;;10.56;T;12.64;;A;;0.14;;3.089;;;;;0.37;2;;;;;;Y
8584;1997 AN22;1997 AN22;EOS;A;S;C;;7.48;T;13.38;;A;;0.14;;31.52;;;;;0.95;2;;;;;;Y
8661;* Ratzinger;1990 TA13;EOS;A;S;C;;12.32;M;12.3;;A;;0.14;S;4.301;;;;;;2;N;;;Y;;
8901;1995 UJ4;1995 UJ4;EOS;A;S;C;;13.49;T;12.1;;A;;0.14;;8.702;;;;;0.25;2;;;;;;Y
8908;1995 WY6;1995 WY6;EOS;A;S;C;;10.09;T;12.73;;A;;0.14;;3.026;;;;0.37;0.48;2;;;;Y;;Y
8914;Nickjames;1995 YP2;EOS;A;S;C;;8.84;T;13.02;;A;;0.14;;5.652;;;;;0.17;2;;;;;;Y
9039;1990 WB4;1990 WB4;EOS;A;S;C;;10.11;T;12.73;;A;;0.14;;11.17;;;;;0.08;1;;;;;;Y
9826;Ehrenfreun;d                    2114 T-3;EOS;A;S;C;;6.94;T;13.55;;A;;0.14;;3.748;;;;;0.37;2;;;;;;Y
10033;Bodewits;1981 UJ23;EOS;A;S;C;;7.5;T;13.38;;A;;0.14;;11.88;;;;;0.42;2;;;;;;Y
10069;* Fontenelle;1989 CW2;EOS;A;S;C;;12.32;M;12.3;;A;;0.14;S;20.8392;;;;;;2;N;;;Y;;
10478;* Alsabti;1981 WO;EOS;A;S;C;;11.76;M;12.4;;A;;0.14;S;3.4886;;;;;;2;N;;;Y;;
10551;Goteborg;1992 YL2;EOS;A;S;C;;11.53;T;12.44;;A;;0.14;;335.346;;;;;0.7;2;;;;;;Y
10765;1990 UZ;1990 UZ;EOS;A;S;C;;16.24;M;11.7;;A;;0.14;;4.378;;;;;0.17;2;+;;;;;
11107;Hakkoda;1995 UU4;EOS;A;S;C;;8.22;T;13.18;;A;;0.14;;5.479;;;;;0.26;2;;;;;;Y
11108;Hachimanta;i                    1995 UJ6;EOS;A;S;C;;6.43;T;13.71;;A;;0.14;;3.352;;;;;0.4;2;;;;;;Y
11209;* 1999 GP18;1999 GP18;EOS;A;S;C;;9.34;M;12.9;;A;;0.14;S;8.2171;;;;;;2;N;;;Y;;
11288;Okunohosom;ichi                 1990 XU;EOS;A;S;C;;9.19;T;12.93;;A;;0.14;;3.687;;;;;0.32;2;;;;;;Y
11321;Tosimatumo;to                   1995 DE1;EOS;A;S;C;;9.78;M;12.8;;A;;0.14;;7.8;;;;;0.25;2;-;;;;;
11375;1998 QB74;1998 QB74;EOS;A;S;C;;10.06;T;12.74;;A;;0.14;;8;;;;;0.43;2;;;;;;Y
11610;1995 XJ1;1995 XJ1;EOS;A;S;C;;9.86;T;12.78;;A;;0.14;;5.825;;;;;0.3;2;;;;;;Y
12080;1998 FC111;1998 FC111;EOS;A;S;C;;8.98;T;12.99;;A;;0.14;;16.334;;;;0.32;0.53;2;;;;;;Y
12104;Chesley;1998 KO6;EOS;A;S;C;;10.73;M;12.6;;A;;0.14;;3.9456;;;;0.47;0.78;2;+;;;;;
12122;1999 NV55;1999 NV55;EOS;A;S;C;;9.36;T;12.9;;A;;0.14;;13.851;;;;;0.27;2;;;;;;Y
12168;Polko;5141 T-2;EOS;A;S;C;;10.24;M;12.7;;A;;0.14;;9.4071;;;;;1.44;3;;;;;;
12849;1997 QD2;1997 QD2;EOS;A;S;C;;14.14;M;12;;A;;0.14;;2.277;;;;;0.15;1;;;;;;
13093;Wolfgangpa;uli                  1992 SQ24;EOS;A;S;C;;9.56;T;12.85;;A;;0.14;;3.206;;;;;0.18;2;;;;;;Y
13378;1998 VF35;1998 VF35;EOS;A;S;C;;10.43;T;12.66;;A;;0.14;;102.546;;;;;0.77;2;;;;;;Y
13488;Savanov;1982 TK1;EOS;A;S;C;;11.53;T;12.44;;A;;0.14;;5.678;;;;;0.72;2;;;;Y;;Y
13681;Monty Pyth;on                   1997 PY1;EOS;A;S;C;;4;T;14.74;;A;;0.14;;5.03;;;;;0.41;2;;;;;;Y
13813;1998 YX;1998 YX;EOS;A;S;C;;9.84;T;12.79;;A;;0.14;;5.401;;;;;0.16;2;;;;;;Y
13823;1999 VO72;1999 VO72;EOS;A;S;C;;9.33;T;12.9;;A;;0.14;;3.741;;;;;0.63;2;;;;;;Y
13925;* 1986 QS3;1986 QS3;EOS;A;S;C;;9.34;M;12.9;;A;;0.14;S;6.3373;;;;;;2;N;;;Y;;
14420;* Massey;1991 SM;EOS;A;S;C;;9.78;M;12.8;;A;;0.14;S;4.0755;;;;;;2;N;;;Y;;
14666;* 1999 CG17;1999 CG17;EOS;A;S;C;;10.24;M;12.7;;A;;0.14;S;5.4615;;;;;;2;N;;;Y;;
14667;* 1999 CS19;1999 CS19;EOS;A;S;C;;8.14;M;13.2;;A;;0.14;S;9.1844;;;;;;2;N;;;Y;;
14672;1999 RO94;1999 RO94;EOS;A;S;C;;8.84;T;13.02;;A;;0.14;;2.896;;;;;0.16;2;;;;;;Y
14712;2000 CO51;2000 CO51;EOS;A;S;C;;8.52;M;13.1;;A;;0.14;;13.7;;;;0.5;0.7;2;;;;;;Y
15037;Chassagne;1998 WN6;EOS;A;S;C;;6.8;T;13.59;;A;;0.14;;29.836;;;;;0.35;2;;;;;;Y
15062;1999 AL2;1999 AL2;EOS;A;S;C;;6.97;T;13.54;;A;;0.14;;6.821;;;;;0.54;2;;;;Y;;Y
15184;3232 T-1;3232 T-1;EOS;A;S;C;;4.84;T;14.33;;A;;0.14;;5.852;;;;;0.69;2;;;;;;Y
15498;1999 EQ4;1999 EQ4;EOS;A;S;C;;11.23;M;12.5;;A;;0.14;;34.579;;;;0.14;0.16;2;;;;;;Y
15499;Cloyd;1999 FY8;EOS;A;S;C;;9.34;M;12.9;;A;;0.14;;6.878;;;;0.21;0.3;2;+;;;;;
15614;Pillinger;2000 GA143;EOS;A;S;C;;5.43;T;14.08;;A;;0.14;;39.561;;;;;0.8;2;;;;Y;;Y
15806;Kohei;1994 GN1;EOS;A;S;C;;8.64;T;13.07;;A;;0.14;;145.7;;;;;0.29;2;;;;;;Y
16038;1999 GD18;1999 GD18;EOS;A;S;C;;12.32;M;12.3;;A;;0.14;;6.95;;;;;0.16;2;;;;;;Y
16162;2000 AD68;2000 AD68;EOS;A;S;C;;11.23;M;12.5;;A;;0.14;;10.398;;;;;0.4;2;;;;;;Y
16185;2000 AH164;2000 AH164;EOS;A;S;C;;5.1;T;14.22;;A;;0.14;;5.901;;;;;0.7;2;;;;;;Y
16457;1989 VF;1989 VF;EOS;A;S;C;;8.32;T;13.15;;A;;0.14;;14.422;;;;;0.17;2;;;;;;Y
16924;1998 FL61;1998 FL61;EOS;A;S;C;;13.5;M;12.1;;A;;0.14;;4.399;;;;;0.5;2;;;;;;
16935;1998 FX111;1998 FX111;EOS;A;S;C;;9.41;T;12.89;;A;;0.14;;6.298;;;;0.7;0.82;3;;;;;;
16936;1998 FJ112;1998 FJ112;EOS;A;S;C;;12.9;M;12.2;;A;;0.14;>;8;;;;;0.1;1;;;;;;
17111;1999 JH52;1999 JH52;EOS;A;S;C;;11.76;M;12.4;;A;;0.14;S;8.8985;;;;;;2;N;;;Y;Y;
17535;1993 FF40;1993 FF40;EOS;A;S;C;;5.01;T;14.25;;A;;0.14;;3.602;;;;;0.37;2;;;;;;Y
17574;1994 PT13;1994 PT13;EOS;A;S;C;;5.49;T;14.06;;A;;0.14;;2.663;;;;;0.32;2;;;;;;Y
17682;1997 AR12;1997 AR12;EOS;A;S;C;;6.24;T;13.78;;A;;0.14;;21.079;;;;;0.25;2;;;;;;Y
17689;1997 CS;1997 CS;EOS;A;S;C;;8.33;T;13.15;;A;;0.14;;137.105;;;;;0.46;2;;;;;;Y
17814;1998 FH113;1998 FH113;EOS;A;S;C;;14.14;M;12;;A;;0.14;;9.22;;;;0.39;0.8;3;-;;;;;
17834;1998 HL43;1998 HL43;EOS;A;S;C;;7.81;T;13.29;;A;;0.14;;21.265;;;;0.64;0.69;2;;;;;;Y
17864;1998 KK38;1998 KK38;EOS;A;S;C;;10.73;M;12.6;;A;;0.14;;6.56;;;;0.17;0.23;2;;;;;;
18156;* Kamisaibar;a                    2000 PU4;EOS;A;S;C;;10.73;M;12.6;;A;;0.14;S;11.9166;;;;;;2;N;;;Y;;
18831;* 1999 NP37;1999 NP37;EOS;A;S;C;;9.34;M;12.9;;A;;0.14;S;14.0179;;;;;;2;N;;;Y;;
18990;2000 RW31;2000 RW31;EOS;A;S;C;;6.56;T;13.67;;A;;0.14;;3.524;;;;;0.24;2;;;;;;Y
19108;1981 EV21;1981 EV21;EOS;A;S;C;;3.6;T;14.97;;A;;0.14;;3.389;;;;;0.29;2;;;;;;Y
19504;Vladalekse;ev                   1998 LL2;EOS;A;S;C;;6.83;T;13.58;;A;;0.14;;9.462;;;;;0.24;2;;;;;;Y
19647;1999 RZ103;1999 RZ103;EOS;A;S;C;;6.92;T;13.55;;A;;0.14;;6.304;;;;;0.45;2;;;;;;Y
19848;Yeungchuch;iu                   2000 TR;EOS;A;S;C;;12.32;M;12.3;;A;;0.14;;3.45;;;;0.63;0.7;3;;;;Y;;
20133;1996 CO2;1996 CO2;EOS;A;S;C;;7.08;T;13.5;;A;;0.14;;3.354;;;;;0.3;2;;;;;;Y
20462;1999 LZ31;1999 LZ31;EOS;A;S;C;;6.37;T;13.73;;A;;0.14;;3.48;;;;;0.52;2;;;;;;Y
20674;1999 VT1;1999 VT1;EOS;A;S;D;;9.43;T;12.88;;A;;0.14;;6.311;;;;;0.78;3;;;;;;
20721;* 1999 XA105;1999 XA105;EOS;A;S;C;;9.34;M;12.9;;A;;0.14;S;5.3478;;;;;;2;N;;;Y;;
20725;1999 XP120;1999 XP120;EOS;A;S;C;;11.23;M;12.5;;A;;0.14;S;3.6013;;;;;;2;N;;;Y;Y;
21041;1990 QO1;1990 QO1;EOS;A;S;C;;6.58;T;13.66;;A;;0.14;;5.077;;;;;0.75;2;;;;;;Y
21220;1994 WE4;1994 WE4;EOS;A;S;C;;6.14;T;13.81;;A;;0.14;;4.321;;;;;0.67;2;;;;;;Y
21368;Shiodayama;1997 LE10;EOS;A;S;C;;7.06;T;13.51;;A;;0.14;;9.233;;;;;0.31;2;;;;;;Y
21557;Daniellitt;1998 QE73;EOS;A;S;C;;10.52;T;12.64;;A;;0.14;;4.233;;;;;0.52;2;;;;Y;;Y
22972;* 1999 VR12;1999 VR12;EOS;A;S;C;;11.76;M;12.4;;A;;0.14;S;22.659;;;;;;2;N;;;Y;;
23026;1999 WV9;1999 WV9;EOS;A;S;C;;11.76;M;12.4;;A;;0.14;>;8;;;>;;0.05;;;;;;;
23134;2000 AU142;2000 AU142;EOS;A;S;C;;8.86;T;13.01;;A;;0.14;;4.189;;;;;0.56;2;;;;;;Y
23948;1998 UQ18;1998 UQ18;EOS;A;S;C;;8.09;T;13.21;;A;;0.14;;5.675;;;;;0.47;2;;;;Y;;Y
24324;* 2000 AT51;2000 AT51;EOS;A;S;C;;11.23;M;12.5;;A;;0.14;S;5.8951;;;;;;2;N;;;Y;;
24404;2000 AB194;2000 AB194;EOS;A;S;C;;7.41;T;13.4;;A;;0.14;;3.721;;;;;0.54;2;;;;Y;;Y
24691;1990 RH3;1990 RH3;EOS;A;S;C;;10.73;M;12.6;;A;;0.14;;6.76;;;;;0.3;2;-;;;;;
25459;1999 XL14;1999 XL14;EOS;A;S;C;;7.04;T;13.51;;A;;0.14;;22.298;;;;;0.59;2;;;;;;Y
25583;1999 XJ221;1999 XJ221;EOS;A;S;C;;10.29;T;12.69;;A;;0.14;;10.554;;;;0.56;0.58;2;;;;;;Y
25745;Schimmelpe;nninck               2000 AC242;EOS;A;S;C;;7.59;T;13.35;;A;;0.14;;5.514;;;;;0.61;2;;;;;;Y
26058;1061 T-3;1061 T-3;EOS;A;S;C;;4.38;T;14.54;;A;;0.14;;6.058;;;;;0.49;2;;;;;;Y
26821;Baehr;1988 FM1;EOS;A;S;C;;15.51;M;11.8;;A;;0.14;;6.9;;;;;0.29;3;-;;;;;
26876;1994 CR14;1994 CR14;EOS;A;S;C;;6.07;T;13.84;;A;;0.14;;306.715;;;;;0.54;2;;;;;;Y
27204;1999 CY74;1999 CY74;EOS;A;C;C;;7.77;M;13.3;;A;;0.14;;9.7;;;>;;0.8;2;-;;;;;
27443;* 2000 FH49;2000 FH49;EOS;A;S;C;;7.77;M;13.3;;A;;0.14;S;5.3052;;;;;;2;N;;;Y;;
27508;2000 GS142;2000 GS142;EOS;A;S;C;;8.98;T;12.99;;A;;0.14;;8.222;;;;;0.28;2;;;;;;Y
28399;1999 RY136;1999 RY136;EOS;A;S;C;;4.72;T;14.38;;A;;0.14;;10.802;;;;;0.46;2;;;;;;Y
28595;2000 EP136;2000 EP136;EOS;A;S;C;;5.92;T;13.89;;A;;0.14;>;10;;;>;;0.15;2;-;;;;;Y
28650;2000 GE8;2000 GE8;EOS;A;S;C;;5.82;T;13.93;;A;;0.14;;9.591;;;;0.16;0.8;3;;;;;;
28880;2000 KN46;2000 KN46;EOS;A;S;C;;6.77;M;13.6;;A;;0.14;;6.249;;;;0.76;0.87;2;;;;;;Y
28970;2001 JJ4;2001 JJ4;EOS;A;S;C;;5.16;T;14.19;;A;;0.14;;15.185;;;;;0.69;2;;;;;;Y
29172;1990 QL4;1990 QL4;EOS;A;S;C;;7.04;T;13.51;;A;;0.14;;53.235;;;;;0.41;2;;;;;;Y
29567;1998 FT13;1998 FT13;EOS;A;S;C;;10.73;M;12.6;;A;;0.14;;3.568;;;;;0.57;2;;;;;;Y
29917;1999 JP19;1999 JP19;EOS;A;S;C;;7.31;T;13.43;;A;;0.14;;3.656;;;;;0.5;2;;;;;;Y
29919;* 1999 JD23;1999 JD23;EOS;A;S;C;;8.92;M;13;;A;;0.14;S;9.2674;;;;;;2;N;;;Y;;
30408;* 2000 KW55;2000 KW55;EOS;A;S;C;;6.77;M;13.6;;A;;0.14;S;3.8464;;;;;;2;N;;;Y;;
31095;Buneiou;1997 DH;EOS;A;S;C;;5.12;T;14.21;;A;;0.14;;3.484;;;;;0.18;2;;;;;;Y
31288;* 1998 FZ59;1998 FZ59;EOS;A;S;C;;6.46;M;13.7;;A;;0.14;S;40.2038;;;;;;2;N;;;Y;;
31668;1999 JX3;1999 JX3;EOS;A;S;C;;8.92;M;13;;A;;0.14;;11.71;;;;0.29;0.42;2;;;;;;Y
32011;2000 HF56;2000 HF56;EOS;A;S;C;;7.42;M;13.4;;A;;0.14;;6.382;;;;0.66;0.87;2;;;;;;Y
32412;2000 RW25;2000 RW25;EOS;A;S;C;;7.76;T;13.3;;A;;0.14;;3.838;;;;;0.15;2;;;;;;Y
32526;2001 OD98;2001 OD98;EOS;A;S;C;;7.07;T;13.51;;A;;0.14;;3.89;;;;;0.35;2;;;;;;Y
32600;2001 QF173;2001 QF173;EOS;A;S;C;;4.63;T;14.42;;A;;0.14;;7.855;;;;;0.72;2;;;;;;Y
32602;2001 QE185;2001 QE185;EOS;A;S;C;;9.78;M;12.8;;A;;0.14;;5.928;;;;;0.18;2;;;;;;Y
32990;Sayo-hime;1996 YD3;EOS;A;S;C;;6.06;T;13.84;;A;;0.14;;4.788;;;;;0.5;2;;;;;;Y
33218;* 1998 FO106;1998 FO106;EOS;A;S;C;;7.42;M;13.4;;A;;0.14;S;12.4321;;;;;;2;N;;;Y;;
33272;1998 HC102;1998 HC102;EOS;A;S;C;;6.59;T;13.66;;A;;0.14;;5.867;;;;;0.62;2;;;;;;Y
33295;1998 KV40;1998 KV40;EOS;A;S;C;;4.97;T;14.27;;A;;0.14;;101.321;;;;0.9;0.98;2;;;;;;Y
34384;2000 RW61;2000 RW61;EOS;A;S;C;;7.1;T;13.49;;A;;0.14;;4.003;;;;;0.44;2;;;;Y;;Y
34621;2000 UR55;2000 UR55;EOS;A;S;C;;4.35;T;14.56;;A;;0.14;;6.22;;;;;0.61;2;;;;;;Y
34839;2001 SL263;2001 SL263;EOS;A;S;C;;6.98;T;13.53;;A;;0.14;;16.966;;;;;0.57;2;;;;;;Y
35625;1998 KK8;1998 KK8;EOS;A;S;C;;5.65;T;13.99;;A;;0.14;;10.057;;;;;0.31;2;;;;;;Y
36059;1999 RT39;1999 RT39;EOS;A;S;C;;5.11;T;14.21;;A;;0.14;;28.382;;;;;0.64;2;;;;;;Y
36170;1999 RC242;1999 RC242;EOS;A;S;C;;5.73;T;13.96;;A;;0.14;;2.907;;;;;0.22;2;;;;;;Y
36198;1999 TF92;1999 TF92;EOS;A;S;C;;9.34;M;12.9;;A;;0.14;;10.643;;;;;0.29;3;;;;;;
36936;2000 SF227;2000 SF227;EOS;A;S;C;;6.45;T;13.71;;A;;0.14;;6.525;;;;0.49;0.56;2;;;;;;Y
37506;3107 T-2;3107 T-2;EOS;A;S;C;;5.84;T;13.92;;A;;0.14;;5.044;;;;;0.62;2;;;;;;Y
38405;1999 RS202;1999 RS202;EOS;A;S;C;;4.38;T;14.54;;A;;0.14;;8.831;;;;;0.37;2;;;;;;Y
38910;2000 SA178;2000 SA178;EOS;A;S;C;;4.69;T;14.4;;A;;0.14;;6.397;;;;;0.22;2;;;;;;Y
39431;5178 T-2;5178 T-2;EOS;A;S;C;;4.46;T;14.51;;A;;0.14;;9.534;;;;;0.3;2;;;;;;Y
39886;* 1998 EL12;1998 EL12;EOS;A;S;C;;8.14;M;13.2;;A;;0.14;S;3.5305;;;;;;2;N;;;Y;;
40104;1998 QE4;1998 QE4;EOS;A;S;C;;6.76;T;13.6;;A;;0.14;;4.475;;;;;0.6;2;;;;Y;Y;
40129;* 1998 QY45;1998 QY45;EOS;A;S;C;;6.77;M;13.6;;A;;0.14;S;7.8973;;;;;;2;N;;;Y;;
41051;1999 VR10;1999 VR10;EOS;A;S;C;;10.24;M;12.7;;A;;0.14;;4.04;;;;;0.55;2;+;;;Y;;
41308;1999 XA154;1999 XA154;EOS;A;S;C;;8.72;T;13.05;;A;;0.14;;5.04;;;;;0.16;2;;;;;;Y
41919;2000 WW156;2000 WW156;EOS;A;S;C;;4.31;T;14.58;;A;;0.14;;10.964;;;;;0.3;2;;;;;;Y
41953;2000 XK16;2000 XK16;EOS;A;S;C;;3.69;T;14.92;;A;;0.14;;6.014;;;;;0.49;2;;;;;;Y
42259;2001 OD81;2001 OD81;EOS;A;S;C;;9.01;T;12.98;;A;;0.14;;4.826;;;;0.31;0.32;2;;;;;;Y
42265;2001 QL69;2001 QL69;EOS;A;S;C;;7.42;M;13.4;;A;;0.14;;8.6;;;;;0.85;2;;;;Y;;
42314;2001 VQ121;2001 VQ121;EOS;A;S;L;;4.45;L;14.66;;L;;0.1218;;9.4;;;;;1;1;+;;;;;
43218;* 2000 AE143;2000 AE143;EOS;A;S;C;;8.14;M;13.2;;A;;0.14;S;3.4644;;;;;;2;N;;;Y;;
44295;1998 QU89;1998 QU89;EOS;A;S;C;;8.29;T;13.16;;A;;0.14;;6.62;;;;;0.84;2;+;;;;;Y
44417;1998 SS146;1998 SS146;EOS;A;S;C;;6.61;T;13.65;;A;;0.14;;7.632;;;;;0.8;2;;;;Y;;Y
44510;1998 XB51;1998 XB51;EOS;A;S;C;;6.61;T;13.65;;A;;0.14;;2.33;;;;;0.19;2;-;;;;;Y
45068;1999 XA34;1999 XA34;EOS;A;S;C;;7.14;T;13.48;;A;;0.14;;5.043;;;;;0.31;2;;;;;;Y
45408;2000 AO142;2000 AO142;EOS;A;S;C;;7.02;T;13.52;;A;;0.14;;5.385;;;;;0.28;2;;;;;;Y
45410;* 2000 AA144;2000 AA144;EOS;A;S;C;;7.77;M;13.3;;A;;0.14;S;7.4819;;;;;;2;N;;;Y;;
45466;* 2000 AZ201;2000 AZ201;EOS;A;S;C;;8.14;M;13.2;;A;;0.14;S;7.5867;;;;;;2;N;;;Y;;
45636;2000 EG12;2000 EG12;EOS;A;S;C;;4.81;T;14.34;;A;;0.14;;3.71;;;;;0.58;2;;;;;;Y
45671;2000 EA104;2000 EA104;EOS;A;S;C;;7.27;T;13.44;;A;;0.14;;5.417;;;;;0.24;2;;;;;;Y
45686;2000 EM139;2000 EM139;EOS;A;S;C;;5.51;T;14.05;;A;;0.14;;7.507;;;;;0.59;2;;;;;;Y
45752;2000 JY70;2000 JY70;EOS;A;S;C;;6.19;T;13.79;;A;;0.14;;361.985;;;;;0.48;2;;;;;;Y
46725;1997 SS13;1997 SS13;EOS;A;S;C;;5.63;T;14;;A;;0.14;;8.14;;;;;0.19;2;-;;;;;Y
47608;2000 AE243;2000 AE243;EOS;A;S;C;;7.6;T;13.35;;A;;0.14;;9.128;;;;;0.38;2;;;;;;Y
47819;2000 EJ91;2000 EJ91;EOS;A;S;C;;6.46;M;13.7;;A;;0.14;;5.08;;;;0.44;0.51;3;-;;;;;Y
47865;2000 FK3;2000 FK3;EOS;A;S;C;;5.74;T;13.96;;A;;0.14;;3.549;;;;;0.39;2;;;;;;Y
48835;1997 YK18;1997 YK18;EOS;A;S;C;;5.48;T;14.06;;A;;0.14;;32;;;;;0.38;2;;;;;;Y
49597;1999 FY12;1999 FY12;EOS;A;S;C;;4.9;M;14.3;;A;;0.14;;6.368;;;;0.67;0.73;2;;;;;;Y
49628;* 1999 GV16;1999 GV16;EOS;A;S;C;;10.24;M;12.7;;A;;0.14;S;3.568;;;;;;2;N;;;Y;;
49671;1999 RP46;1999 RP46;EOS;A;S;C;;7.14;T;13.48;;A;;0.14;;700.072;;;;;0.68;2;;;;;;Y
50827;2000 FN37;2000 FN37;EOS;A;C;C;;5.38;M;14.1;;A;;0.14;;2.68;;;;;0.2;2;;;;;;Y
50960;2000 GN82;2000 GN82;EOS;A;S;C;;4.77;T;14.36;;A;;0.14;;12.15;;;;;0.4;2;-;;;;;Y
51035;2000 GO124;2000 GO124;EOS;A;S;C;;4.31;T;14.58;;A;;0.14;;14.401;;;;;0.32;2;;;;;;Y
53790;2000 EV105;2000 EV105;EOS;A;S;C;;3.84;T;14.83;;A;;0.14;;9.6;;;;;0.36;2;+;;;;;Y
54579;2000 QA165;2000 QA165;EOS;A;S;C;;5.13;M;14.2;;A;;0.14;;4.76;;;;;0.3;2;;;;;;Y
54606;* 2000 RA28;2000 RA28;EOS;A;S;C;;6.77;M;13.6;;A;;0.14;S;5.0757;;;;;;2;N;;;Y;;
55097;2001 QT132;2001 QT132;EOS;A;S;C;;5.38;T;14.1;;A;;0.14;;4.37;;;;0.44;0.46;2;;;;;;Y
56208;1999 GY35;1999 GY35;EOS;A;S;C;;6.46;M;13.7;;A;;0.14;;8.664;;;;;0.42;2;;;;;;Y
56264;1999 JV95;1999 JV95;EOS;A;S;C;;4.68;M;14.4;;A;;0.14;;17.3;;;;;0.69;2;;;;;;Y
58798;1998 FU100;1998 FU100;EOS;A;S;C;;4.46;T;14.51;;A;;0.14;;31.497;;;;;0.69;2;;;;;;Y
61907;2000 QK230;2000 QK230;EOS;A;S;C;;4.08;M;14.7;;A;;0.14;;6.44;;;;;0.65;2;+;;;;;
62348;2000 SB142;2000 SB142;EOS;A;S;C;;4.78;T;14.36;;A;;0.14;;7.889;;;;;0.58;2;;;;;;Y
62376;2000 SU153;2000 SU153;EOS;A;S;C;;4.68;M;14.4;;A;;0.14;;17.6;;;;;0.06;1;;;;;;
62781;2000 UE23;2000 UE23;EOS;A;S;C;;4.08;M;14.7;;A;;0.14;;28.94;;;;;1.1;1;NA;;;;;
63475;2001 OB32;2001 OB32;EOS;A;S;C;;4.68;T;14.4;;A;;0.14;;12.47;;;;;0.22;2;;;;;;Y
65739;1993 SG13;1993 SG13;EOS;A;C;C;;4.9;M;14.3;;A;;0.14;;2.8;;;;;0.4;2;-;;;;;
66076;1998 RD53;1998 RD53;EOS;A;S;C;;7.77;M;13.3;;A;;0.14;S;8.9386;;;;;;2;N;;;Y;Y;
72451;2001 DW5;2001 DW5;EOS;A;S;C;;3.72;T;14.9;;A;;0.14;;8.21;;;;;0.93;2;;;;;;Y
74355;1998 WJ12;1998 WJ12;EOS;A;S;L;;4.45;L;14.76;;L;;0.1115;;2.8;;;;;0.15;1;N;;;;;
76136;2000 EF12;2000 EF12;EOS;A;S;C;;3.5;T;15.04;;A;;0.14;;6.064;;;;0.53;0.57;2;;;;;;Y
76471;2000 FD57;2000 FD57;EOS;A;S;C;;4.88;T;14.31;;A;;0.14;;2.942;;;;;0.26;2;;;;;;Y
76557;2000 GB95;2000 GB95;EOS;A;S;C;;4.27;M;14.6;;A;;0.14;;7.967;;;;0.46;0.48;2;;;;;;Y
77572;2001 KL10;2001 KL10;EOS;A;S;C;;4.14;T;14.66;;A;;0.14;;3.61;;;;;0.53;2;;;;;;Y
77759;2001 PY36;2001 PY36;EOS;A;S;C;;6.17;M;13.8;;A;;0.14;;5.102;;;;0.61;0.65;2;;;;;;Y
78212;2002 OB1;2002 OB1;EOS;A;S;C;;3.53;T;15.01;;A;;0.14;;4.746;;;;;0.26;2;;;;;;Y
78237;2002 OL20;2002 OL20;EOS;A;S;C;;2.76;T;15.55;;A;;0.14;;223.743;;;;;0.61;2;;;;;;Y
78404;2002 QG14;2002 QG14;EOS;A;S;C;;3.92;T;14.79;;A;;0.14;;50.982;;;;;0.55;2;;;;;;Y
78487;2002 RO59;2002 RO59;EOS;A;S;C;;2.81;T;15.51;;A;;0.14;;3.279;;;;;0.46;2;;;;;;Y
83241;2001 RH52;2001 RH52;EOS;A;S;C;;4.08;M;14.7;;A;;0.14;;3.465;;;;;0.56;2;;;;;;Y
83323;2001 RE125;2001 RE125;EOS;A;S;C;;2.53;T;15.73;;A;;0.14;;3.15;;;;0.38;0.39;2;;;;;;Y
83459;2001 SS64;2001 SS64;EOS;A;S;C;;4.04;T;14.72;;A;;0.14;;5.55;;;;;0.59;2;;;;;;Y
86106;1999 RP113;1999 RP113;EOS;A;S;C;;4.44;T;14.51;;A;;0.14;;975.095;;;;;0.74;2;;;;;;Y
86120;1999 RM140;1999 RM140;EOS;A;S;C;;3.9;T;14.8;;A;;0.14;;30.364;;;;;0.32;2;;;;;;Y
86128;1999 RC154;1999 RC154;EOS;A;S;C;;5.08;T;14.22;;A;;0.14;;147.684;;;;;0.89;2;;;;;;Y
87228;2000 OD42;2000 OD42;EOS;A;S;C;;7.42;M;13.4;;A;;0.14;;18.18;;;;;1.8;2;;;;;;
90431;2004 BY55;2004 BY55;EOS;A;S;C;;3.18;T;15.24;;A;;0.14;;12.296;;;;;0.93;2;;;;Y;;Y
91511;1999 RJ163;1999 RJ163;EOS;A;S;C;;4.61;T;14.43;;A;;0.14;;6.512;;;;;0.66;2;;;;;;Y
91545;1999 RT209;1999 RT209;EOS;A;S;C;;4.92;T;14.29;;A;;0.14;;6.21;;;;;0.56;2;;;;;;Y
93754;2000 WZ6;2000 WZ6;EOS;A;S;C;;4.07;T;14.71;;A;;0.14;;6.743;;;;;0.38;2;;;;;;Y
95600;2002 FK27;2002 FK27;EOS;A;S;C;;3.31;T;15.15;;A;;0.14;;6.783;;;;;0.61;2;;;;;;Y
97163;1999 VO186;1999 VO186;EOS;A;S;C;;5.08;T;14.22;;A;;0.14;;8.314;;;;;0.36;2;;;;;;Y
99674;2002 JN11;2002 JN11;EOS;A;S;C;;3.39;T;15.1;;A;;0.14;;7.42;;;;;0.75;1;DA;;;;;Y
104374;* 2000 FN30;2000 FN30;EOS;A;S;C;;4.27;M;14.6;;A;;0.14;S;11.6435;;;;;;2;N;;;Y;;
105612;2000 RT99;2000 RT99;EOS;A;C;L;;5.45;L;14.45;;L;;0.0985;;;;;;;;;N;;;;;
106021;2000 SX294;2000 SX294;EOS;A;S;C;;4.48;T;14.5;;A;;0.14;;9.873;;;;;0.76;2;;;;;;Y
106408;2000 VK30;2000 VK30;EOS;A;S;C;;3.07;T;15.32;;A;;0.14;;4;;;;;0.75;2;;;;;;Y
109587;2001 QJ277;2001 QJ277;EOS;A;S;C;;3.9;M;14.8;;A;;0.14;;208.404;;;;;0.54;2;;;;;;Y
112441;2002 OL3;2002 OL3;EOS;A;S;C;;7.09;M;13.5;;A;;0.14;;7.378;;;;0.82;0.83;2;;;;Y;;Y
113187;2002 RN106;2002 RN106;EOS;A;S;C;;4.47;M;14.5;;A;;0.14;;12.077;;;;;0.61;2;;;;;;Y
120101;2003 FP5;2003 FP5;EOS;A;S;C;;2.9;T;15.44;;A;;0.14;;5.4;;;;;0.52;2;;;;;;Y
120540;1994 SK13;1994 SK13;EOS;A;S;C;;2.86;T;15.47;;A;;0.14;;78.268;;;;;0.81;2;;;;;;Y
127311;2002 JV90;2002 JV90;EOS;A;S;C;;3.55;M;15;;A;;0.14;;2.82;;;;0.3;0.36;2;;;;;;
132893;2002 RY184;2002 RY184;EOS;A;S;C;;3.37;T;15.12;;A;;0.14;;12.67;;;;;0.59;2;;;;;;Y
135456;2001 VA51;2001 VA51;EOS;A;S;C;;3.47;T;15.05;;A;;0.14;;8.05;;;;;1.06;2;;;;;;Y
140428;2001 TT94;2001 TT94;EOS;A;S;C;;3.9;M;14.8;;A;;0.14;;2.5;;;;;0.46;2;-;;;;;
140429;2001 TQ96;2001 TQ96;EOS;A;S;C;;3.15;T;15.26;;A;;0.14;;39.8;;;;;0.19;2;-;;;;;
151357;2002 CN304;2002 CN304;EOS;A;S;C;;2.9;T;15.44;;A;;0.14;;5.601;;;;;0.63;2;;;;;;Y
152361;2005 UX140;2005 UX140;EOS;A;S;W;;4.06;3 W;14.9;;W;;0.1173;S;3.6623;;;;;;;N;;;Y;;
159844;2003 WA12;2003 WA12;EOS;A;S;C;;3.04;T;15.34;;A;;0.14;;5.98;;;;;0.36;2;;;;;;Y
163555;2002 TK117;2002 TK117;EOS;A;S;C;;3.39;M;15.1;;A;;0.14;;;;;;;;;HN;;;;;Y
167631;2004 CE87;2004 CE87;EOS;A;S;C;;3.39;M;15.1;;A;;0.14;;10.348;;;;0.33;0.41;2;;;;;;Y
177075;2003 FR36;2003 FR36;EOS;A;S;D;;2.29;T;15.95;;A;;0.14;;6.818;;;;;0.37;2;+;;;;;
178014;2006 RG;2006 RG;EOS;A;S;C;;2.9;T;15.44;;A;;0.14;;16.27;;;;;0.48;2;;;;;;Y
184616;2005 RE11;2005 RE11;EOS;A;S;C;;2.88;T;15.46;;A;;0.14;;375.355;;;;;0.86;2;;;;;;Y
195704;2002 PH35;2002 PH35;EOS;A;S;C;;2.5;T;15.76;;A;;0.14;;10.294;;;;;0.36;2;;;;;;Y
196806;2003 SQ218;2003 SQ218;EOS;A;S;C;;2.66;T;15.63;;A;;0.14;;3.26;;;;;0.3;2;;;;;;Y
201297;2002 SK60;2002 SK60;EOS;A;S;C;;2.21;T;16.03;;A;;0.14;;8.42;;;;;0.83;2;-;;;;;Y
201369;2002 TA278;2002 TA278;EOS;A;S;C;;3.72;M;14.9;;A;;0.14;;5.275;;;;0.74;0.77;2;;;;;;Y
202321;2005 EG55;2005 EG55;EOS;A;S;C;;2.01;T;16.24;;A;;0.14;;3.458;;;;;0.59;2;;;;;;Y
213779;2003 EP14;2003 EP14;EOS;A;C;C;;2.95;M;15.4;;A;;0.14;;5.55;;;;;0.96;2;;;;;;Y
224958;2007 EM18;2007 EM18;EOS;A;S;C;;2.24;M;16;;A;;0.14;;;;;;;;;HN;;;;;Y
226971;2004 VH112;2004 VH112;EOS;A;S;C;;2.3;T;15.94;;A;;0.14;;6.08;;;;;0.76;2;;;;;;Y
237286;2008 XB21;2008 XB21;EOS;A;S;C;;3.09;M;15.3;;A;;0.14;;;;;;;;;HN;;;;;Y
249738;2000 SB159;2000 SB159;EOS;A;S;D;;2.21;T;16.03;;A;;0.14;;41.2;;;;;0.11;1;+;;;;;
255093;2005 UW48;2005 UW48;EOS;A;S;C;;2.15;T;16.09;;A;;0.14;;3.158;;;;;0.41;2;;;;;;Y
274707;2008 UG100;2008 UG100;EOS;A;S;C;;2.09;T;16.15;;A;;0.14;;6.082;;;;;0.76;2;;;;;;Y
286096;2001 TR47;2001 TR47;EOS;A;S;C;;2.08;T;16.16;;A;;0.14;;11.03;;;;;0.62;2;;;;;;Y
287471;2003 AK46;2003 AK46;EOS;A;S;C;;2.53;T;15.74;;A;;0.14;;2.75;;;;;0.33;2;;;;;;Y
288286;2004 AT12;2004 AT12;EOS;A;S;C;;2.69;M;15.6;;A;;0.14;;;;;;;;;HN;;;;;Y
324798;2007 HO20;2007 HO20;EOS;A;S;C;;2.03;T;16.22;;A;;0.14;;6.08;;;;;1.31;2;-;;;;;Y
346759;2009 BV46;2009 BV46;EOS;A;S;C;;1.82;T;16.45;;A;;0.14;;4.85;;;;;0.8;2;;;;;;Y
353778;2012 HA77;2012 HA77;EOS;A;S;C;;2.4;T;15.85;;A;;0.14;;5.39;;;;;0.64;2;+;;;;;Y
357911;2005 VR131;2005 VR131;EOS;A;S;C;;2.24;M;16;;A;;0.14;;5.2737;;;;;0.36;1;NA;;;;;
362493;2010 TM25;2010 TM25;EOS;A;S;C;;2.17;T;16.08;;A;;0.14;;6.742;;;;;0.73;2;;;;;;Y
370227;2002 OC27;2002 OC27;EOS;A;S;C;;2.06;T;16.18;;A;;0.14;;3.926;;;;;0.57;2;;;;;;Y
385893;2006 SJ232;2006 SJ232;EOS;A;S;C;;2.05;T;16.19;;A;;0.14;;5.58;;;;;0.54;2;;;;;;Y
397062;2005 UX149;2005 UX149;EOS;A;S;C;;1.78;T;16.5;;A;;0.14;;3.559;;;;;0.54;2;;;;;;Y
425326;2010 AS55;2010 AS55;EOS;A;S;C;;1.56;T;16.78;;A;;0.14;;4.16;;;;;0.83;3;-;;;;;Y
428958;2008 YM91;2008 YM91;EOS;A;S;C;;2.24;M;16;;A;;0.14;;;;;;;;;HN;;;;;Y
;2011 WJ33;2011 WJ33;EOS;A;S;M;;2.82;M;15.5;;A;;0.14;>;1.33;;;>;;0.16;;;;;;Y;
