NUMBER;NAME;DESIG;FAM;S;CLASS;S;F;DIA.;S;H;B;S;F;ALBEDO;F;PERIOD;P;DESC;F;AMIN;AMAX;U;NOTES;BIN;PRI;SAM;SD;WF
4;Vesta;;V;S;V;S;;468.3;M;3.2;;S;;0.4228;;5.342;;;;0.12;0.19;3;;;;Y;;
9;Metis;;V;T;S;L;;199.96;L;6.33;;L;;0.1298;;5.079;;;;0.05;0.32;3;;;;Y;;
17;Thetis;;V;S;S;L;;93.34;L;7.9;;L;;0.1403;S;12.2705;;;;0.2;0.4;3;;;;Y;;
63;Ausonia;;V;S;S;L;;90;M;7.55;;D;;0.2082;;9.298;;;;0.27;0.47;3;;;;Y;;
113;Amalthea;;V;S;S;S;;46.14;M;8.74;;S;;0.2649;;9.95;;;;0.19;0.22;3;;?;;Y;;
169;Zelia;;V;S;S;S;;33.6;M;9.56;;S;;0.2347;;14.537;;;;0.13;0.3;3;;;;;;
189;Phthia;;V;S;S;L;;40.38;L;9.6;;L;;0.1566;;22.346;;;;0.18;0.28;3;;;;Y;;
306;Unitas;;V;S;S;L;;49;M;8.96;;D;;0.1917;;8.736;;;;0.16;0.3;3;;;;Y;;
337;Devosa;1892 E;V;S;X;D;;59.33;L;8.61;;D;;0.1805;;4.653;;;;0.08;0.75;3;3;;;Y;;
470;Kilia;1901 GJ;V;S;S;S;;26.39;M;10.07;;S;;0.2379;;290;;;;;0.26;2;T0;;;;;
556;Phyllis;1905 PW;V;S;S;L;;38.69;L;9.52;;L;;0.1836;;4.293;;;;0.22;0.47;3;;;;Y;;
585;Bilkis;1906 TA;V;T;C;S;;58.09;M;10.4;;S;;0.0362;;8.577;;;;0.1;0.41;3;;;;Y;;
620;Drakonia;1906 WE;V;T;E;C;;11.65;M;11.28;;A;;0.4;;5.487;;;;0.52;0.65;3;;;;Y;;
752;Sulamitis;1913 RL;V;A;C;D;;62.69;M;10.3;;D;;0.0341;;27.367;;;;0.2;0.45;3;;;;;;
757;Portlandia;1908 EJ;V;S;X;S;;32.09;M;10.2;;S;;0.1427;;6.5837;;;;0.24;0.45;3;;;;Y;;
932;Hooveria;1920 GV;V;T;CB;C;;29.72;M;10;;A;;0.2;;78.44;;;;0.2;0.24;3;;;;;;
1145;Robelmonte;1929 CC;V;A;S;D;;23.16;M;11.3;;D;;0.0994;;8.002;;;;0.13;0.18;3;-;;;;;
1152;Pawona;1930 AD;V;S;S;D;;15.82;M;11.1;;D;;0.2561;;3.4154;;;;0.16;0.26;3;;;;;;
1375;Alfreda;1935 UB;V;A;S;C;;15.6;M;11.4;;A;;0.2;;19.14;;;;0.05;0.17;3;-;;;;;
1393;Sofala;1936 KD;V;A;S;C;;11.3;M;12.1;;A;;0.2;S;16.5931;;;;;0.48;2;;;;Y;;
1454;Kalevala;1936 DO;V;A;S;C;;8.57;M;12.7;;A;;0.2;;;;;;;0.37;;N;;;;;
1522;Kokkola;1938 WO;V;A;S;D;;9.57;L;12.46;;A;;0.2;;5.83;;;;;0.29;3;;;;;;
1589;Fanatica;1950 RK;V;A;S;C;;12.39;M;11.9;;A;;0.2;;2.58;;;;0.16;0.18;3;;;;;;
1697;Koskenniem;i                    1940 RM;V;A;S;C;;8.18;M;12.8;;A;;0.2;;2.3923;;;;0.07;0.09;2;+;;;;;
1743;Schmidt;4109 P-L;V;A;S;S;;17.28;L;12.48;;S;;0.0603;;17.45;;;;;0.36;3;;;;Y;;
1770;Schlesinge;r                    1967 JR;V;A;S;C;;11.83;M;12;;A;;0.2;;2.8804;;;;0.25;0.31;3;;?;;;;
1773;Rumpelstil;z                    1968 HE;V;A;S;C;;12.39;M;11.9;;A;;0.2;;105.44;;;;0.62;0.77;3;;;;;;
1781;Van Biesbr;oeck                 A906 UB;V;A;S;C;;8.18;M;12.8;;A;;0.2;;;;;;;;2;;;Y;;;
1800;Aguilar;1950 RJ;V;A;S;C;;8.18;M;12.8;;A;;0.2;;2.478;;;;;0.11;3;;;;;;
1906;Naef;1972 RC;V;T;V;C;;6.64;M;12.5;;A;;0.4;;11.009;;;;0.92;0.99;3;;;;Y;;
1914;Hartbeespo;ortdam               1930 SB1;V;A;S;C;;11.83;M;12;;A;;0.2;;6.331;;;;;0.04;2;;;;;;
1929;Kollaa;1939 BS;V;S;V;C;;6.35;M;12.6;;A;;0.4;;2.9887;;;;0.2;0.22;3;;;;;;
1933;Tinchen;1972 AC;V;S;V;C;;5.28;M;13;;A;;0.4;;3.671;;;;0.37;0.55;3;;;;Y;;
1979;Sakharov;2006 P-L;V;A;S;L;;4.51;L;13.8;;L;;0.262;;7.5209;;;;0.12;0.22;3;;?;;;;
1989;Tatry;1955 FG;V;S;C;C;;17.6;M;12.5;;A;;0.057;;131.3;;;;0.22;0.5;2;T?;;;;;
2011;Veteraniya;1970 QB1;V;A;S;C;;7.46;M;13;;A;;0.2;;8.209;;;;;0.3;3;-;;;;;
2045;Peking;1964 TB1;V;A;S;C;;11.83;M;12;;A;;0.2;;82.4;;;>;;0.8;2;T;;;;;
2086;Newell;1966 BC;V;A;S;C;;10.3;M;12.3;;A;;0.2;;78.2;;;;;1;2;;;;Y;;
2098;Zyskin;1972 QE;V;A;S;C;;8.91;T;12.61;;A;;0.2;;3.92;;;;;0.08;2;;;;;;Y
2432;Soomana;1981 FA;V;A;S;C;;8.97;M;12.6;;A;;0.2;;3.206;;;;0.36;0.4;3;-;;;;;
2442;Corbett;1980 TO;V;A;V;C;;8.97;M;12.6;;A;;0.2;>;10;;;;0.12;0.19;2;;;;;;
2508;Alupka;1977 ET1;V;S;V;C;;7.13;M;13.1;;A;;0.2;;17.7;;;;;0.35;2;-;;;;;
2511;Patterson;1980 LM;V;S;V;C;;6.06;M;12.7;;A;;0.4;;4.144;;;;0.65;0.8;3;;;;Y;;
2557;Putnam;1981 SL1;V;A;S;C;;8.97;M;12.6;;A;;0.2;;35.68;;;;;0.23;3;N;;;;;
2566;Kirghizia;1979 FR2;V;S;V;C;;9.84;M;12.4;;A;;0.2;;4.451;;;;;0.55;3;;;;;;
2572;Annschnell;1950 DL;V;A;C;C;;12.18;M;13.3;;A;;0.057;;6.343;;;;0.7;0.82;3;;;;;;
2602;Moore;1982 BR;V;A;S;C;;8.57;M;12.7;;A;;0.2;;;;;;;0.3;;N;;;;;
2640;Hallstrom;1941 FN;V;A;V;C;;7.46;M;13;;A;;0.2;;22.9;;;;;0.15;1;;;;;;
2850;Mozhaiskij;1978 TM7;V;A;S;C;;8.57;M;12.7;;A;;0.2;;7.83;;;;;0.13;3;-;;;;;
2857;NOT;1942 DA;V;S;T;C;;9.91;M;12.5;;A;;0.18;;5.6353;;;;0.25;0.28;3;;;;;;
3109;Machin;1974 DC;V;A;C;D;;22.84;M;12;;D;;0.0537;;20.3;;;;;0.46;2;;;;Y;;
3263;Bligh;1932 CN;V;A;S;C;;7.46;M;13;;A;;0.2;;3.193;;;;;0.16;2;+;;;;;
3378;Susanvicto;ria                  A922 WB;V;A;S;C;;5.93;M;13.5;;A;;0.2;;2.5621;;;;;0.1;3;N;B;;;;
3629;Lebedinski;j                    1982 WK;V;A;S;C;;8.19;M;12.8;;A;;0.2;;;;;;;;2;N;;Y;;;
3651;Friedman;1978 VB5;V;A;S;D;;5.19;L;13.79;;A;;0.2;;2.81;;;;;0.12;2;;;;;;
3704;Gaoshiqi;1981 YX1;V;S;X;C;;8.97;M;12.6;;A;;0.2;;9.7725;;;;0.2;0.21;2;+;;;;;
3782;Celle;1986 TE;V;S;V;C;;6.35;M;12.6;;A;;0.4;;3.84;;;;0.11;0.17;3;A;B;;;;
3849;Incidentia;1984 FC;V;A;S;C;;6.27;T;13.38;;A;;0.2;;2.778;;;;;0.14;2;;;;;;Y
3865;Lindbloom;1988 AY4;V;A;S;C;;8.57;M;12.7;;A;;0.2;;5.42;;;;;0.03;2;-;;;;;
3867;Shiretoko;1988 HG;V;A;S;C;;7.13;M;13.1;;A;;0.2;;28.035;;;;;0.22;2;;;;;;
3868;Mendoza;4575 P-L;V;A;S;L;;9.4;L;12.71;;L;;0.1649;;2.7709;;;;0.07;0.2;3;;B;;;;
3900;Knezevic;1985 RK;V;S;V;C;;6.21;M;13.4;;A;;0.2;;5.324;;;;;0.62;3;-;;;;;
3936;Elst;2321 T-3;V;A;S;C;;7.46;M;13;;A;;0.2;;6.6322;;;;;0.13;3;;;;;;
3944;Halliday;1981 WP1;V;A;S;C;;5.37;T;13.72;;A;;0.2;;5.565;;;;;0.32;2;;;;;;Y
3968;Koptelov;1978 TU5;V;S;V;C;;5.53;M;12.9;;A;;0.4;;20.88;;;;;0.03;1;;;;;;
4005;Dyagilev;1972 TC2;V;A;S;C;;8.18;M;12.8;;A;;0.2;;6.4;;;;0.23;0.46;3;-;;;;;
4022;Nonna;1981 TL4;V;A;S;C;;7.13;M;13.1;;A;;0.2;;2.5877;;;;0.04;0.1;3;;;;;;
4039;Souseki;1987 SH;V;A;S;C;;8.18;M;12.8;;A;;0.2;;2.772;;;;0.23;0.24;3;;?;;;;
4147;Lennon;1983 AY;V;A;S;C;;7.46;M;13;;A;;0.2;;137;;;;0.25;0.6;1;;;;;;
4215;Kamo;1987 VE1;V;S;V;C;;6.35;M;12.6;;A;;0.4;;12.6;;;;0.11;0.21;2;;;;;;
4302;Markeev;1968 HP;V;A;S;C;;8.57;M;12.7;;A;;0.2;;5.134;;;;;0.31;3;;;;;;
4307;Cherepashc;huk                  1976 UK2;V;A;S;C;;6.37;T;13.34;;A;;0.2;;2.724;;;;;0.24;2;;;;;;Y
4383;Suruga;1989 XP;V;A;S;C;;7.46;M;13;;A;;0.2;;3.4069;;;;;0.14;3;;B;;;;
4434;Nikulin;1981 RD5;V;S;V;C;;7.13;M;13.1;;A;;0.2;;;;;;;;;;;;;;
4510;Shawna;1930 XK;V;A;S;C;;7.82;M;12.9;;A;;0.2;;;;;;;;;;;;;;
4684;Bendjoya;1978 GJ;V;A;S;C;;6.5;M;13.3;;A;;0.2;;12.169;;;;;0.35;3;-;;;;;
4718;Araki;1990 VP3;V;A;S;C;;7.13;M;13.1;;A;;0.2;;46.35;;;;;0.16;2;T?;?;;;;
4970;Druyan;1988 VO2;V;A;S;C;;6.21;M;13.4;;A;;0.2;;;;;;;0.3;;N;;;;;
5096;Luzin;1983 RC5;V;A;S;C;;7.82;M;12.9;;A;;0.2;;3.054;;;;;0.31;3;-;;;;;
5111;Jacliff;1987 SE4;V;S;R;C;;5.65;M;12.7;;A;;0.46;;2.839;;;;;0.18;3;;;;Y;;
5150;Fellini;7571 P-L;V;A;S;C;;6.81;M;13.2;;A;;0.2;;5.1953;;;;0.45;0.61;3;;;;Y;;
5171;Augustesen;1987 SQ3;V;A;S;C;;6.5;M;13.3;;A;;0.2;;480;;;;;0.8;3;T?;;;;;
5240;Kwasan;1990 XE;V;S;V;C;;6.35;M;12.6;;A;;0.4;;5.673;;;;0.42;0.53;3;;;;;;
5307;Paul-Andre;1980 YC;V;A;S;C;;5.66;M;13.6;;A;;0.2;;5.343;;;;;0.58;3;;;;;;
5351;Diderot;1989 SG5;V;A;S;C;;6.81;M;13.2;;A;;0.2;;9.984;;;;;0.45;3;;;;;;
5425;Vojtech;1984 SA1;V;A;S;C;;7.13;M;13.1;;A;;0.2;;2.6476;;;;0.25;0.27;3;;B;;;;
5474;Gingasen;1988 XE1;V;A;S;D;;6.68;L;13.28;;A;;0.2;;3.6242;;;;0.11;0.18;3;;?;;;;
5599;1991 SG1;1991 SG1;V;A;V;C;;5.53;M;12.9;;A;;0.4;;3.6195;;;;0.26;0.36;3;;;;Y;;
5875;Kuga;1989 XO;V;A;S;C;;9.4;M;12.5;;A;;0.2;;5.551;;;;0.24;0.35;3;;;;Y;;
5984;* Lysippus;4045 T-3;V;A;S;C;;5.16;M;13.8;;A;;0.2;S;4.8709;;;;;;2;N;;;Y;;
5986;Xenophon;1969 TA;V;A;S;C;;7.82;M;12.9;;A;;0.2;;6.921;;;;0.36;0.4;3;;;;;;
6043;Aurochs;1991 RK2;V;A;S;C;;6.81;M;13.2;;A;;0.2;;;;;;;0.45;;N;;;;;
6131;Towen;1990 OO3;V;A;S;C;;4.6;T;14.05;;A;;0.2;;6.77;;;;;0.25;2;;;;;;Y
6331;1992 FZ1;1992 FZ1;V;A;S;C;;6.81;M;13.2;;A;;0.2;;9.333;;;;0.28;0.6;2;+;;;;;
6360;* 1978 UA7;1978 UA7;V;A;S;C;;6.81;M;13.2;;A;;0.2;S;10.6057;;;;;;2;N;;;Y;;
6659;Pietsch;1992 YN;V;A;S;C;;6.21;T;13.4;;A;;0.2;;12.985;;;;;0.31;2;;;;;;Y
6809;Sakuma;1938 DM1;V;A;S;C;;6.21;M;13.4;;A;;0.2;;2.5749;;;;;0.1;3;;?;;;;
6956;Holbach;1988 CX3;V;A;S;C;;4.32;T;14.19;;A;;0.2;;4.463;;;;;0.49;2;;;;;;Y
7001;Noether;1955 EH;V;A;S;C;;5.4;T;13.7;;A;;0.2;;9.5809;;;;0.65;0.7;3;;;;Y;;
7005;Henninghaa;ck                   1981 ET25;V;A;S;C;;3.34;T;14.75;;A;;0.2;;12.914;;;;;0.76;2;;;;;;Y
7023;Heiankyo;1992 KE;V;A;S;C;;5.99;T;13.48;;A;;0.2;;10.807;;;;0.48;0.58;3;;;;;;
7111;1985 QA1;1985 QA1;V;A;S;C;;5.66;M;13.6;;A;;0.2;;11.21;;;;;0.21;3;-;;;;;
7144;Dossobuono;1996 KQ;V;A;S;C;;5.16;M;13.8;;A;;0.2;;3.4685;;;;;0.19;2;+;;;;;
7201;Kuritariku;1994 UF1;V;A;S;C;;6.5;M;13.3;;A;;0.2;;;;;;;;;;;Y;Y;;
7292;* Prosperin;1992 EM7;V;A;S;C;;5.41;M;13.7;;A;;0.2;S;5.5889;;;;;;2;N;;;Y;;
7334;Sciurus;1988 QV;V;A;S;C;;5.66;M;13.6;;A;;0.2;;4.0659;;;;;0.28;3;;;;;;
7471;1991 YD;1991 YD;V;A;S;C;;3.77;T;14.49;;A;;0.2;;19.15;;;;;0.48;2;;;;;;Y
7484;Dogo Onsen;1994 WF4;V;A;S;C;;3.03;T;14.96;;A;;0.2;;6.237;;;;0.53;0.75;2;;;;;;Y
7767;Tomatic;1991 RB5;V;A;S;C;;4.16;T;14.27;;A;;0.2;;25.07;;;;;0.13;2;;;;;;Y
7831;Francois-X;avier                1993 FQ;V;A;S;C;;4.63;T;14.04;;A;;0.2;;9.94;;;;;0.2;2;;;;;;Y
7946;1991 RV13;1991 RV13;V;A;S;C;;4.4;T;14.15;;A;;0.2;;51.343;;;;;0.23;2;;;;;;Y
8108;* Wieland;1995 BC16;V;A;S;C;;5.16;M;13.8;;A;;0.2;S;28.5696;;;;;;2;N;;;Y;;
8272;Iitatemura;1989 SG;V;A;S;C;;6.5;M;13.3;;A;;0.2;;3.1174;;;;;0.35;3;-;;;;;
8359;1989 WD;1989 WD;V;A;S;C;;6.5;M;13.3;;A;;0.2;;2.8911;;;;0.34;0.7;3;;;;Y;;
8528;* 1992 SC24;1992 SC24;V;A;S;C;;5.41;M;13.7;;A;;0.2;S;5.0212;;;;;;2;N;;;Y;;
8645;1988 TN;1988 TN;V;A;V;C;;5.66;M;13.6;;A;;0.2;;7.616;;;;;0.36;3;-;;;;;
8691;Etsuko;1992 UZ1;V;A;S;C;;5.41;M;13.7;;A;;0.2;;9.6;;;;;0.09;1;;;;;;
8692;1992 WH;1992 WH;V;A;S;C;;3.87;T;14.43;;A;;0.2;;4.698;;;;;0.2;2;;;;;;Y
9115;Battisti;1997 DG;V;A;S;C;;5.14;T;13.81;;A;;0.2;;5.023;;;;;0.07;1;;;;;;Y
9136;Lalande;4886 T-1;V;A;S;C;;4.5;T;14.1;;A;;0.2;;5.75;;;;;0.13;2;;;;;;Y
9199;1993 FO1;1993 FO1;V;A;S;C;;7.13;M;13.1;;A;;0.2;;5.322;;;;;0.47;2;+;;;;;
9220;Yoshidayam;a                    1995 XL1;V;A;S;C;;4.05;T;14.33;;A;;0.2;;6.04;;;;;1.02;2;;;;;;Y
9295;Donaldyoun;g                    1983 RT1;V;A;S;C;;3.48;T;14.66;;A;;0.2;;5.13;;;;;0.12;2;-;;;;;Y
9325;Stonehenge;1989 GG4;V;A;S;C;;4.68;T;14.01;;A;;0.2;;4.607;;;;;0.16;2;;;;;;Y
9344;Klopstock;1991 RB4;V;A;S;C;;3.66;T;14.55;;A;;0.2;;5.842;;;;;0.38;2;;;;;;Y
9392;Cavaillon;1994 PK7;V;A;S;C;;4.03;T;14.34;;A;;0.2;;5.524;;;;;0.36;2;;;;;;Y
9604;Bellevanzu;ylen                 1991 YW;V;A;S;C;;2.75;T;15.17;;A;;0.2;;8.187;;;;;0.51;2;;;;;;Y
9616;1993 FR3;1993 FR3;V;A;S;C;;3.51;T;14.64;;A;;0.2;;5.018;;;;0.32;0.53;2;;;;;;Y
9718;Gerbefremo;v                    1976 YR1;V;A;S;C;;4.04;T;14.33;;A;;0.2;;6.249;;;;;0.17;2;;;;;;Y
9753;1990 QL3;1990 QL3;V;A;S;C;;4.27;T;14.21;;A;;0.2;;4.356;;;;;0.2;2;;;;;;Y
9872;Solf;1992 DJ4;V;A;S;C;;3.33;T;14.75;;A;;0.2;;11.598;;;;;0.54;2;;;;;;Y
9898;* Yoshiro;1996 DF;V;A;S;C;;5.66;M;13.6;;A;;0.2;S;6.5315;;;;;;2;N;;;Y;;
9899;1996 EH;1996 EH;V;A;S;C;;6.21;M;13.4;;A;;0.2;;5.27;;;;;0.05;2;-;;;;;
10001;Palermo;1969 TM1;V;A;S;C;;4.31;T;14.19;;A;;0.2;;213.368;;;;;0.97;2;;;;;;Y
10022;Zubov;1979 SU2;V;A;S;C;;4.1;T;14.3;;A;;0.2;;4.564;;;;;0.14;2;;;;;;Y
10159;Tokara;1994 XS4;V;A;S;C;;5.41;M;13.7;;A;;0.2;;5.531;;;;;0.58;3;-;;;;;
10207;Comeniana;1997 QA;V;A;S;C;;5.41;M;13.7;;A;;0.2;;12.84;;;;;0.1;2;;;;;;
10285;Renemichel;sen                  1982 QX1;V;A;S;C;;4.93;M;13.9;;A;;0.2;;;;;;;;;;;;;;
10325;* Bexa;1990 WB2;V;A;S;C;;4.93;M;13.9;;A;;0.2;S;16.3299;;;;;;2;N;;;Y;;
10348;Poelchau;1992 HL4;V;A;S;C;;4.67;T;14.02;;A;;0.2;;3.31;;;;;0.17;2;;;;;;Y
10349;1992 LN;1992 LN;V;A;S;C;;4.76;T;13.98;;A;;0.2;;2.867;;;;;0.09;1;;;;;;Y
10477;* Lacumparsi;ta                   1981 ET41;V;A;S;C;;2.97;M;15;;A;;0.2;S;5.2175;;;;;;2;N;;;Y;;
10507;* 1988 ER1;1988 ER1;V;A;S;C;;5.93;M;13.5;;A;;0.2;S;3.7294;;;;;;2;N;;;Y;;
10777;* 1991 EB5;1991 EB5;V;A;S;C;;4.5;M;14.1;;A;;0.2;S;5.3832;;;;;;2;N;;;Y;;
11031;1988 RC5;1988 RC5;V;A;S;C;;3.59;T;14.59;;A;;0.2;;3.408;;;;;0.32;2;;;;;;Y
11149;Tateshina;1997 XZ9;V;A;S;C;;4.5;M;14.1;;A;;0.2;;12.85;;;;;0.42;3;-;;;;;
11544;1992 UD3;1992 UD3;V;A;S;C;;4.74;T;13.98;;A;;0.2;;14.464;;;;;0.36;2;;;;;;Y
12020;1996 XW19;1996 XW19;V;A;S;C;;3.29;T;14.78;;A;;0.2;;9.935;;;;;0.15;2;;;;;;Y
12088;Macalintal;1998 HZ31;V;A;S;C;;4.01;T;14.35;;A;;0.2;;3.342;;;;0.44;0.57;2;;;;Y;;Y
12097;1998 HG121;1998 HG121;V;A;S;C;;4.56;T;14.07;;A;;0.2;;6.85;;;;;0.42;2;;;;Y;;Y
12405;Nespoli;1995 RK;V;A;S;C;;2.44;T;15.43;;A;;0.2;;13.218;;;;;0.67;2;;;;;;Y
12419;1995 UP4;1995 UP4;V;A;S;C;;4.75;T;13.98;;A;;0.2;;22.897;;;;;0.26;2;;;;;;Y
12421;* Zhenya;1995 UH5;V;A;S;C;;4.3;M;14.2;;A;;0.2;S;7.7052;;;;;;2;N;;;Y;;
12527;Anneraugh;1998 JE3;V;A;S;C;;4.71;M;14;;A;;0.2;;7.613;;;;;0.1;2;-;;;;;Y
12551;1998 QQ39;1998 QQ39;V;A;S;C;;7.13;M;13.1;;A;;0.2;;11.202;;;;;0.95;3;;;;Y;;
12584;Zeljkoandr;eic                  1999 RF36;V;A;S;C;;2.99;T;14.99;;A;;0.2;;7.071;;;;;0.19;2;;;;;;Y
12591;* 1999 RT133;1999 RT133;V;A;S;C;;4.93;M;13.9;;A;;0.2;S;18.4175;;;;;;2;N;;;Y;;
12619;Anubelshun;u                    6242 P-L;V;A;S;C;;3.1;T;14.91;;A;;0.2;;5.847;;;;;0.58;2;;;;;;Y
12675;Chabot;1980 TA4;V;A;S;C;;4.65;T;14.03;;A;;0.2;;3.182;;;;;0.15;2;;;;;;Y
12963;5485 T-2;5485 T-2;V;A;S;C;;4.46;T;14.12;;A;;0.2;;11.004;;;;;0.07;1;;;;;;Y
12982;1979 MS5;1979 MS5;V;A;S;C;;2.39;T;15.47;;A;;0.2;;601.869;;;;;0.86;2;;;;;;Y
13002;1982 BJ13;1982 BJ13;V;A;S;C;;5.16;M;13.8;;A;;0.2;;;;;;;;;;;Y;Y;;
13058;Alfredstev;ens                  1990 WN3;V;A;S;C;;3.06;T;14.93;;A;;0.2;;4.299;;;;;0.45;2;;;;;;Y
13258;Bej;1998 QT12;V;A;S;C;;3.99;T;14.36;;A;;0.2;;4.59;;;;;0.23;2;;;;;;Y
13262;1998 QF17;1998 QF17;V;A;S;C;;3.71;T;14.52;;A;;0.2;;8.35;;;;;0.48;2;;;;;;Y
13698;1998 KF35;1998 KF35;V;A;S;C;;5.43;T;13.69;;A;;0.2;;83.506;;;;;0.35;2;;;;;;Y
13732;Woodall;1998 RC56;V;A;S;C;;3.92;M;14.4;;A;;0.2;;8.2987;;;;;0.27;3;;;;;;
13855;1999 XX105;1999 XX105;V;A;S;C;;3.32;T;14.76;;A;;0.2;;3.023;;;;;0.31;2;;;;;;Y
13892;1266 T-2;1266 T-2;V;A;S;C;;3.37;T;14.73;;A;;0.2;;2.35;;;;;0.28;2;;;;;;Y
13894;2039 T-2;2039 T-2;V;A;S;C;;3.85;T;14.43;;A;;0.2;;5.478;;;;;0.58;2;;;;;;Y
14044;1995 VS1;1995 VS1;V;A;S;C;;4.3;M;14.2;;A;;0.2;S;9.2587;;;;;;2;N;;;Y;Y;
14055;1996 AS;1996 AS;V;A;S;C;;2.82;T;15.12;;A;;0.2;;6.05;;;;;0.78;2;;;;;;Y
14158;Alananders;on                   1998 SZ133;V;A;S;C;;4.29;M;14.2;;A;;0.2;;17.5;;;;;0.18;2;+;;;;;
14218;1999 VS30;1999 VS30;V;A;S;C;;3.8;T;14.47;;A;;0.2;;6.245;;;;;0.1;2;;;;;;Y
14301;5205 T-2;5205 T-2;V;A;S;C;;2.63;T;15.26;;A;;0.2;;25.546;;;;;1.1;2;;;;;;Y
14383;1990 OY3;1990 OY3;V;A;S;C;;3.94;T;14.39;;A;;0.2;;8.713;;;;0.29;0.32;2;;;;;;Y
14385;1990 QG1;1990 QG1;V;A;S;C;;3.57;T;14.6;;A;;0.2;;3.78;;;;0.32;0.33;2;;;;;;Y
14511;Nickel;1996 EU3;V;A;S;C;;4.1;M;14.3;;A;;0.2;;35.59;;;;0.64;0.72;2;;;;;;Y
14568;Zanotta;1998 OK;V;A;S;C;;3.4;T;14.71;;A;;0.2;;3.523;;;;;0.12;2;;;;;;Y
15032;* Alexlevin;1998 VV28;V;A;S;C;;3.74;M;14.5;;A;;0.2;S;4.4055;;;;;;2;N;;;Y;;
15132;Steigmeyer;2000 EZ69;V;A;S;C;;2.15;M;15.7;;A;;0.2;;115;;;;;0.62;1;+;;;;;
15411;1997 YL1;1997 YL1;V;A;S;C;;3.86;T;14.43;;A;;0.2;;4.389;;;;;0.19;2;;;;;;Y
15796;* 1993 TZ38;1993 TZ38;V;A;S;C;;5.66;M;13.6;;A;;0.2;S;6.2128;;;;;;2;N;;;Y;;
15860;Siran;1996 HO;V;A;S;C;;2.68;T;15.22;;A;;0.2;;10.532;;;;0.56;0.75;2;;;;;;Y
16462;1990 DZ1;1990 DZ1;V;A;S;C;;4.23;T;14.23;;A;;0.2;;62.366;;;;;0.97;2;;;;;;Y
16582;1992 JS3;1992 JS3;V;A;S;C;;4.5;M;14.1;;A;;0.2;;6.252;;;;;0.27;3;-;;;;;
16977;1999 AS3;1999 AS3;V;A;S;C;;4.4;T;14.15;;A;;0.2;;50.07;;;;;0.25;2;;;;;;Y
17035;Velichko;1999 FC10;V;A;V;C;;4.19;M;13.5;;A;;0.4;;2.899;;;;0.23;0.29;2;;;;;;
17079;Lavrovsky;1999 HD9;V;A;S;C;;3.92;M;14.4;;A;;0.2;;4.18;;;;;0.45;2;+;;;;;
17139;* Malyshev;1999 JS86;V;A;S;C;;3.74;M;14.5;;A;;0.2;S;4.2026;;;;;;2;N;;;Y;;
17226;2000 CC76;2000 CC76;V;A;S;C;;4.74;T;13.99;;A;;0.2;;2.926;;;;;0.26;2;;;;;;Y
17348;4166 T-3;4166 T-3;V;A;S;C;;3.02;T;14.97;;A;;0.2;;3.58;;;;;0.15;2;;;;;;Y
17469;1991 BT;1991 BT;V;A;S;C;;6.03;T;13.46;;A;;0.2;;17.172;;;;;0.23;2;;;;;;Y
17592;1995 DR;1995 DR;V;A;S;C;;2.46;T;15.41;;A;;0.2;;3.25;;;;;0.1;2;;;;;;Y
17727;* 1997 YU11;1997 YU11;V;A;S;C;;4.71;M;14;;A;;0.2;S;3.5236;;;;;;2;N;;;Y;;
17869;Descamps;1998 MA14;V;A;S;C;;2.47;T;15.41;;A;;0.2;;11.934;;;;;0.43;2;;;;;;Y
17923;1999 GY16;1999 GY16;V;A;S;C;;4.93;M;13.9;;A;;0.2;>;20;;;>;;0.1;1;;;;;;Y
18527;1996 VJ30;1996 VJ30;V;A;S;C;;4.38;T;14.16;;A;;0.2;;3.3529;;;;;0.13;3;N;B;;;;
18641;1998 EG10;1998 EG10;V;A;S;C;;4.93;M;13.9;;A;;0.2;;5.2461;;;;0.57;0.97;3;;;;Y;;
18671;Zacharyric;e                    1998 FX64;V;A;S;C;;4.71;M;14;;A;;0.2;;3.306;;;;;0.16;2;;;;;;Y
18804;1999 JS77;1999 JS77;V;A;S;C;;5.15;T;13.8;;A;;0.2;;9.404;;;;;0.09;1;;;;;;Y
19298;Zhongkeda;1996 SU4;V;A;S;C;;2.92;T;15.04;;A;;0.2;;78.54;;;;;0.77;2;;;;;;Y
19979;1989 VJ;1989 VJ;V;A;V;C;;5.28;M;13;;A;;0.4;;7.568;;;;;0.29;2;+;;;;;
19985;* 1990 GD;1990 GD;V;A;S;C;;3.74;M;14.5;;A;;0.2;S;5.3265;;;;;;2;N;;;Y;;
20312;Danahy;1998 FH118;V;A;S;C;;3.82;T;14.45;;A;;0.2;;4.569;;;;;0.22;2;;;;;;Y
20325;Julianoey;1998 HO27;V;A;S;C;;6.81;M;13.2;;A;;0.2;;3.2447;;;;;0.13;3;N;B;;;;
20329;Manfro;1998 HQ43;V;A;S;C;;3.41;M;14.7;;A;;0.2;S;8.8072;;;;;;2;N;;;Y;Y;
20419;1998 SE117;1998 SE117;V;A;S;C;;5.16;M;13.8;;A;;0.2;;5.5;;;;0.31;0.79;2;;;;;;Y
20465;Vervack;1999 MJ1;V;A;S;C;;2.84;T;15.1;;A;;0.2;;3.14;;;;;0.26;2;;;;;;Y
20809;Eshinjolly;2000 SW259;V;A;S;C;;4.1;M;14.3;;A;;0.2;;4.304;;;;;0.44;2;;;;;;Y
20873;Evanfrank;2000 VH49;V;A;S;C;;3.53;T;14.63;;A;;0.2;;4.106;;;;;0.36;2;;;;;;Y
21067;1991 PY1;1991 PY1;V;A;S;C;;2.44;T;15.43;;A;;0.2;;2.058;;;;;0.1;1;;;;;;Y
21126;Katsuyoshi;1993 BJ2;V;A;S;C;;6.21;M;13.4;;A;;0.2;;5.8397;;;;;0.24;3;;;;;;
21338;1997 CZ;1997 CZ;V;A;S;C;;3.9;T;14.41;;A;;0.2;;16.838;;;;;0.15;2;;;;;;Y
21341;1997 CV19;1997 CV19;V;A;S;C;;3.93;T;14.4;;A;;0.2;;3.502;;;;;0.56;2;;;;;;Y
21361;Carsonmark;1997 HQ;V;A;S;C;;3.92;T;14.4;;A;;0.2;;20.22;;;;;0.4;1;D;;;;;Y
21411;Abifraeman;1998 FY66;V;A;S;C;;5.41;M;13.7;;A;;0.2;S;11.0202;;;;;;2;N;;;Y;Y;
21485;Ash;1998 HV137;V;A;S;C;;2.31;T;15.55;;A;;0.2;;12.26;;;;;0.76;2;;;;;;Y
21770;Wangyiran;1999 RF211;V;A;S;C;;3.17;T;14.86;;A;;0.2;;7.862;;;;;0.37;2;;;;;;Y
22411;1995 TR;1995 TR;V;A;S;C;;3.81;T;14.46;;A;;0.2;;5.262;;;;;0.23;2;;;;;;Y
22586;Shellyhyne;s                    1998 HC96;V;A;S;C;;2.42;T;15.44;;A;;0.2;;23.6;;;;;0.1;1;;;;;;Y
22666;Josephchur;ch                   1998 QE24;V;A;S;C;;3.5;T;14.65;;A;;0.2;;5.218;;;;;0.22;2;;;;;;Y
22696;1998 QT105;1998 QT105;V;A;S;C;;4.1;M;14.3;;A;;0.2;;7.8;;;;;0.26;2;;;;;;
23002;Jillhirsch;1999 VX92;V;A;S;C;;2.56;T;15.32;;A;;0.2;;6.62;;;;;0.52;2;;;;;;Y
23168;Laurieflet;ch                   2000 GZ136;V;A;S;C;;3.57;M;14.6;;A;;0.2;;;;;;;;;HN;;;;;Y
23177;2000 JD58;2000 JD58;V;A;S;C;;5.66;M;13.6;;A;;0.2;;4.3819;;;;;0.59;3;;;;Y;;
23588;1995 UX3;1995 UX3;V;A;S;C;;2.95;T;15.02;;A;;0.2;;7.197;;;;;0.15;2;;;;;;Y
23705;1997 SQ14;1997 SQ14;V;A;S;C;;3.77;T;14.49;;A;;0.2;;82.636;;;;;1.15;2;;;;;;Y
23740;1998 KP3;1998 KP3;V;A;S;C;;2.86;T;15.08;;A;;0.2;;9.564;;;;;0.08;1;;;;;;Y
23750;Stepciecha;n                    1998 KQ35;V;A;S;C;;2.38;T;15.48;;A;;0.2;;10.278;;;;;0.76;2;;;;;;Y
23766;1998 MZ23;1998 MZ23;V;A;S;C;;6.5;M;13.3;;A;;0.2;;2.721;;;;;0.18;3;;;;;;
23804;Haber;1998 QR39;V;A;S;C;;2.68;T;15.22;;A;;0.2;;532.24;;;;;0.63;2;;;;;;Y
23809;Haswell;1998 QC44;V;A;S;D;;3.07;L;14.97;;A;;0.2;;3.59;;;;;0.16;2;-;;;;;
24115;1999 VH24;1999 VH24;V;A;S;C;;3.42;T;14.69;;A;;0.2;;2.635;;;;;0.18;2;;;;;;Y
24147;Stefanmull;er                   1999 VH162;V;A;S;C;;2.02;T;15.83;;A;;0.2;;5.938;;;;;0.69;2;;;;;;Y
24188;* Matthewage;1999 XS24;V;A;S;C;;3.92;M;14.4;;A;;0.2;S;70.555;;;;;;2;N;;;Y;;
24201;Davidkeith;1999 XL40;V;A;S;C;;2.21;T;15.64;;A;;0.2;;12.774;;;;;0.14;2;;;;;;Y
25368;Gailcolwel;l                    1999 TQ96;V;A;S;C;;2.1;T;15.75;;A;;0.2;;6.805;;;;;0.68;2;;;;;;Y
25468;Ramakrishn;a                    1999 XS33;V;A;S;C;;4.29;M;14.2;;A;;0.2;;5.573;;;;;0.48;2;H;;;;;Y
25542;* Garabedian;1999 XH160;V;A;S;C;;3.26;M;14.8;;A;;0.2;S;10.5523;;;;;;2;N;;;Y;;
25549;Jonsauer;1999 XZ167;V;A;S;C;;2.32;T;15.54;;A;;0.2;;2.124;;;;;0.27;2;;;;;;Y
26021;4177 P-L;4177 P-L;V;A;S;C;;2.17;T;15.68;;A;;0.2;;72.725;;;;;0.86;2;;;;;;Y
26084;1981 EK17;1981 EK17;V;A;S;C;;2.83;T;15.11;;A;;0.2;;121.957;;;;;0.68;2;;;;;;Y
26203;1997 KS;1997 KS;V;A;S;C;;3.68;T;14.54;;A;;0.2;;12.857;;;;0.17;0.18;3;;;;;;
26230;1998 QR1;1998 QR1;V;A;S;C;;3.12;T;14.9;;A;;0.2;;7.318;;;;;0.68;2;;;;;;Y
26284;1998 SZ59;1998 SZ59;V;A;S;C;;2.93;T;15.03;;A;;0.2;;7.501;;;;;0.22;2;;;;;;Y
26736;Rojeski;2001 HM27;V;A;S;C;;2.04;T;15.81;;A;;0.2;;12.343;;;;;0.39;2;;;;;;Y
26800;Gualtierot;rucco                1981 EK1;V;A;S;C;;2.44;T;15.43;;A;;0.2;;6.82;;;;;0.51;2;;;;;;Y
27018;1998 KQ52;1998 KQ52;V;A;S;C;;2.73;T;15.18;;A;;0.2;;5.733;;;;;0.41;2;;;;;;Y
27068;1998 SU74;1998 SU74;V;A;S;C;;4.1;M;14.3;;A;;0.2;;4.011;;;;;0.21;2;+;;;;;
27094;Salgari;1998 UC23;V;A;S;C;;2.79;T;15.14;;A;;0.2;;6.694;;;;0.32;0.4;2;;;;;;Y
27162;1999 AM6;1999 AM6;V;A;S;C;;4.67;T;14.02;;A;;0.2;;8.808;;;;;0.38;2;;;;;;Y
27243;1999 UK24;1999 UK24;V;A;S;C;;3.66;T;14.55;;A;;0.2;;2.994;;;;;0.27;2;;;;;;Y
27529;2000 HJ64;2000 HJ64;V;A;S;C;;3.92;M;14.4;;A;;0.2;;4.129;;;;;0.51;2;A;;;;;
27880;1996 EQ;1996 EQ;V;A;S;C;;2.13;T;15.73;;A;;0.2;;4.998;;;;;0.58;2;;;;;;Y
28162;1998 VD14;1998 VD14;V;A;S;C;;4.52;T;14.09;;A;;0.2;;3.82;;;;;0.1;1;+;;;;;Y
28461;2000 AL164;2000 AL164;V;A;V;C;;5.93;M;13.5;;A;;0.2;;3.44;;;;;0.09;1;+;;;;;
28572;Salebreton;2000 EH79;V;A;S;C;;2.52;T;15.36;;A;;0.2;;6.36;;;;;0.25;2;+;;;;;Y
28590;2000 EX126;2000 EX126;V;A;S;C;;3.11;M;14.9;;A;;0.2;;6.253;;;;;0.34;2;;;;;;Y
28656;Doreencurt;in                   2000 GH28;V;A;S;C;;2.49;T;15.39;;A;;0.2;;3.771;;;;;0.16;2;;;;;;Y
29140;1988 CG4;1988 CG4;V;A;S;C;;2.43;T;15.44;;A;;0.2;;2.99;;;;;0.32;2;;;;;;Y
29194;1990 WJ4;1990 WJ4;V;A;S;C;;3.92;M;14.4;;A;;0.2;;6.02;;;;0.36;0.67;2;;;;;;Y
29388;1996 JD6;1996 JD6;V;A;S;C;;3.26;M;14.8;;A;;0.2;;6.798;;;;0.21;0.23;2;;;;;;Y
29733;1999 BA4;1999 BA4;V;A;S;C;;3.88;T;14.42;;A;;0.2;;849.186;;;;;0.74;2;;;;;;Y
30111;Wendyslijk;2000 FJ20;V;A;S;C;;2.04;T;15.82;;A;;0.2;;16.968;;;;0.63;0.69;2;;;;;;Y
30141;Nelvenzon;2000 GT24;V;A;S;C;;2.36;M;15.5;;A;;0.2;;20.735;;;;;0.45;2;;;;;;Y
30329;2000 JR23;2000 JR23;V;A;S;C;;4.1;M;14.3;;A;;0.2;;28.4;;;;;0.95;2;#NAME?;;;;;Y
30570;2001 OO96;2001 OO96;V;A;S;C;;3.2;T;14.84;;A;;0.2;;4.587;;;;;0.71;2;;;;;;Y
31604;* 1999 GH4;1999 GH4;V;A;S;C;;3.74;M;14.5;;A;;0.2;S;13.1009;;;;;;2;N;;;Y;;
31737;Carriecoom;bs                   1999 JT75;V;A;S;C;;4.1;M;14.3;;A;;0.2;;6.93;;;;0.5;0.55;2;;;;;;Y
31888;Polizzi;2000 FM35;V;A;S;C;;2.21;T;15.64;;A;;0.2;;5.13;;;;0.26;0.27;2;;;;;;Y
32166;2000 NN6;2000 NN6;V;A;S;C;;3.11;M;14.9;;A;;0.2;;4.412;;;;;0.51;2;;;;;;Y
32212;2000 OV11;2000 OV11;V;A;S;C;;3.69;T;14.53;;A;;0.2;;6.729;;;;;0.55;2;;;;;;Y
32232;2000 OU27;2000 OU27;V;A;S;C;;5.16;M;13.8;;A;;0.2;;5.68;;;;0.19;0.36;2;+;;;;;Y
32522;Judieperso;ns                   2001 OE81;V;A;S;C;;3.57;M;14.6;;A;;0.2;;3.62;;;;0.26;0.27;2;;;;;;Y
32678;7566 P-L;7566 P-L;V;A;S;C;;3.41;M;14.7;;A;;0.2;;6.985;;;;;0.29;2;;;;;;Y
33440;1999 FR18;1999 FR18;V;A;S;C;;3.11;M;14.9;;A;;0.2;;3.745;;;;;0.67;2;;;;;;Y
33684;Xiaomichae;l                    1999 JW119;V;A;S;C;;3.41;M;14.7;;A;;0.2;;5.87;;;;;0.66;2;-;;;;;
33974;2000 ND17;2000 ND17;V;A;C;C;;3.26;M;14.8;;A;;0.2;S;4.6787;;;;;;2;N;;;Y;Y;
35971;1999 LJ26;1999 LJ26;V;A;S;C;;3.32;T;14.76;;A;;0.2;;9.328;;;;;0.1;1;;;;;;Y
37088;2000 UE70;2000 UE70;V;A;S;C;;2.63;T;15.26;;A;;0.2;;3.359;;;;;0.38;2;;;;;;Y
37445;3056 P-L;3056 P-L;V;A;S;C;;2.69;T;15.22;;A;;0.2;;;;;;;0.79;;;;;;;Y
37776;1997 GW28;1997 GW28;V;A;S;C;;1.57;T;16.39;;A;;0.2;;42.409;;;;;0.78;2;;;;;;Y
38706;2000 QP83;2000 QP83;V;A;S;C;;2.79;T;15.13;;A;;0.2;;7.848;;;;;0.41;2;;;;;;Y
38879;2000 SO121;2000 SO121;V;A;S;C;;2.71;M;15.2;;A;;0.2;;5.537;;;;;0.57;2;;;;;;Y
41467;2000 OG29;2000 OG29;V;A;S;C;;2.59;M;15.3;;A;;0.2;;6.8;;;;;0.8;2;A;;;;;
41730;2000 UF96;2000 UF96;V;A;S;C;;1.6;T;16.35;;A;;0.2;;18.224;;;;;0.61;2;;;;;;Y
42644;1998 FE67;1998 FE67;V;A;S;C;;3.21;T;14.83;;A;;0.2;>;16;;;>;;0.3;2;-;;;;;Y
42866;1999 RJ104;1999 RJ104;V;A;S;C;;3.1;T;14.91;;A;;0.2;;42.227;;;;;0.11;2;;;;;;Y
42918;1999 SK4;1999 SK4;V;A;S;C;;2.67;T;15.23;;A;;0.2;;4.393;;;;;0.23;2;;;;;;Y
42950;1999 TF101;1999 TF101;V;A;S;C;;2.43;T;15.44;;A;;0.2;;7.672;;;;;0.76;2;;;;;;Y
42979;1999 TR220;1999 TR220;V;A;S;C;;2.28;T;15.57;;A;;0.2;;3.498;;;;0.38;0.56;2;;;;;;Y
43064;1999 VK114;1999 VK114;V;A;S;C;;4.5;M;14.1;;A;;0.2;;8.856;;;;;0.6;1;;;;;;
43662;2002 FP8;2002 FP8;V;A;S;C;;2.36;M;15.5;;A;;0.2;;4.5;;;;;0.67;2;;;;;;
44534;1998 YZ9;1998 YZ9;V;A;S;C;;2.36;M;15.5;;A;;0.2;;45;;;;;0.75;2;ADT0;;;;;Y
44578;1999 GL25;1999 GL25;V;A;S;C;;2.45;T;15.42;;A;;0.2;;3.76;;;;0.32;0.34;2;;;;;;Y
44627;1999 RN71;1999 RN71;V;A;S;C;;3.38;T;14.72;;A;;0.2;;6.36;;;;;0.9;2;;;;;;Y
44864;1999 UJ23;1999 UJ23;V;A;S;C;;2;T;15.86;;A;;0.2;;9.121;;;;;0.51;2;;;;;;Y
45270;2000 AT8;2000 AT8;V;A;S;C;;2.8;T;15.13;;A;;0.2;;7.851;;;;;0.84;2;;;;;;Y
46075;2001 EK3;2001 EK3;V;A;S;C;;1.76;T;16.14;;A;;0.2;;9.585;;;;;0.54;2;;;;;;Y
46475;3204 T-1;3204 T-1;V;A;S;C;;3.48;T;14.66;;A;;0.2;;3.327;;;;;0.04;1;;;;;;Y
46656;1995 WT6;1995 WT6;V;A;S;C;;2.72;T;15.19;;A;;0.2;;12.31;;;;;0.17;2;-;;;;;Y
46824;Tambora;1998 MT38;V;A;S;C;;2;L;15.9;;A;;0.2;;;;;;;;;N;;;;;
46831;1998 QH;1998 QH;V;A;S;C;;2.7;T;15.21;;A;;0.2;;4.287;;;;;0.5;2;;;;;;Y
46833;1998 QB8;1998 QB8;V;A;S;C;;2.2;T;15.65;;A;;0.2;;13.834;;;;;0.07;1;;;;;;Y
46869;1998 QC97;1998 QC97;V;A;S;C;;2.17;T;15.68;;A;;0.2;;8.825;;;;;0.29;2;;;;;;Y
47271;1999 VY143;1999 VY143;V;A;S;C;;2.98;T;14.99;;A;;0.2;;6.902;;;;;0.56;2;;;;;;Y
47332;1999 XC32;1999 XC32;V;A;S;C;;2.39;T;15.47;;A;;0.2;;3.992;;;;;0.35;2;;;;;;Y
47369;1999 XA88;1999 XA88;V;A;S;C;;4.34;T;14.18;;A;;0.2;;2.55;;;;;0.19;2;;;;;;Y
47406;1999 XV126;1999 XV126;V;A;S;C;;1.77;T;16.13;;A;;0.2;;5.838;;;;;0.38;2;;;;;;Y
47417;1999 XL160;1999 XL160;V;A;S;C;;4.58;T;14.06;;A;;0.2;;11.71;;;;;1.07;2;-;;;;;Y
47463;1999 XE258;1999 XE258;V;A;S;C;;2.76;T;15.16;;A;;0.2;;9.252;;;;;0.69;2;;;;;;Y
47488;2000 AZ32;2000 AZ32;V;A;S;C;;3.67;T;14.54;;A;;0.2;;3.358;;;;;0.11;2;;;;;;Y
47528;2000 AE95;2000 AE95;V;A;S;C;;2.31;T;15.55;;A;;0.2;;6.44;;;;;1.42;2;+;;;;;Y
48073;2001 FC13;2001 FC13;V;A;S;C;;3.11;M;14.9;;A;;0.2;;;;;;;;;;;;;;
48120;2001 FT97;2001 FT97;V;A;S;C;;2.14;T;15.72;;A;;0.2;;78.226;;;;;0.89;2;;;;;;Y
48134;2001 FD127;2001 FD127;V;A;S;C;;2.31;T;15.55;;A;;0.2;;5.778;;;;;0.65;2;;;;;;Y
48644;1995 UG7;1995 UG7;V;A;S;C;;2.81;T;15.12;;A;;0.2;;8.28;;;;;0.14;2;-;;;;;Y
48966;1998 QY34;1998 QY34;V;A;S;C;;2.61;T;15.28;;A;;0.2;;9.203;;;;;0.16;2;;;;;;Y
49059;1998 RP44;1998 RP44;V;A;S;C;;2.63;T;15.27;;A;;0.2;;4.737;;;;;0.67;2;;;;;;Y
49152;1998 SQ52;1998 SQ52;V;A;S;C;;2.72;T;15.19;;A;;0.2;;5.28;;;;;0.54;2;;;;;;Y
50025;2000 AR41;2000 AR41;V;A;S;C;;2.25;T;15.6;;A;;0.2;;11.003;;;;;0.63;2;;;;;;Y
50138;2000 AY128;2000 AY128;V;A;S;C;;1.98;T;15.88;;A;;0.2;;11.38;;;;;0.67;2;;;;;;Y
50156;2000 AN142;2000 AN142;V;A;S;C;;3.4;T;14.71;;A;;0.2;;4.956;;;;;0.29;2;;;;;;Y
50179;2000 AW163;2000 AW163;V;A;S;C;;1.59;T;16.35;;A;;0.2;;6.066;;;;;0.41;2;;;;;;Y
50248;2000 BB16;2000 BB16;V;A;S;C;;2.11;T;15.74;;A;;0.2;;16.659;;;;;0.09;1;;;;;;Y
50487;2000 DH85;2000 DH85;V;A;S;C;;2.59;M;15.3;;A;;0.2;;;;;;;;;HN;;;;;Y
50515;2000 DS105;2000 DS105;V;A;S;C;;2.44;T;15.43;;A;;0.2;;3.75;;;;;0.38;3;;;;;;Y
51160;2000 HR57;2000 HR57;V;A;S;C;;2.61;T;15.28;;A;;0.2;;5.397;;;;;0.52;2;;;;;;Y
51511;2001 FP98;2001 FP98;V;A;S;C;;2.59;M;15.3;;A;;0.2;;9.438;;;;;0.57;3;-;;;;;
51659;2001 JN1;2001 JN1;V;A;S;C;;2.19;T;15.66;;A;;0.2;;4.995;;;;;0.09;1;;;;;;Y
53533;2000 AA216;2000 AA216;V;A;S;C;;2.36;T;15.5;;A;;0.2;;5.674;;;;;0.51;2;;;;;;Y
53632;2000 CP123;2000 CP123;V;A;S;C;;1.87;T;16;;A;;0.2;;9.055;;;;;0.65;2;;;;;;Y
53930;2000 GO42;2000 GO42;V;A;S;C;;1.74;T;16.16;;A;;0.2;;10.593;;;;;0.52;2;;;;;;Y
54076;2000 GL154;2000 GL154;V;A;S;C;;2.03;T;15.83;;A;;0.2;;4.95;;;;;0.25;2;;;;;;Y
54397;2000 KC80;2000 KC80;V;A;S;C;;2.17;T;15.69;;A;;0.2;;7.354;;;;0.46;0.55;2;;;;;;Y
55128;2001 QH177;2001 QH177;V;A;S;C;;1.63;T;16.31;;A;;0.2;;3;;;;;0.18;2;;;;;;Y
55293;2001 SY39;2001 SY39;V;A;S;C;;1.55;T;16.41;;A;;0.2;;4.62;;;;;0.16;2;;;;;;Y
55459;2001 TW139;2001 TW139;V;A;S;C;;2;T;15.86;;A;;0.2;;11.308;;;;;0.6;2;;;;;;Y
55667;* 6691 P-L;6691 P-L;V;A;S;C;;3.41;M;14.7;;A;;0.2;S;58.545;;;;;;2;N;;;Y;;
56131;* 1999 CY48;1999 CY48;V;A;S;C;;4.29;M;14.2;;A;;0.2;S;4.3882;;;;;;2;N;;;Y;;
56394;2000 EB126;2000 EB126;V;A;S;C;;1.86;T;16.02;;A;;0.2;;9.32;;;;;0.57;2;+;;;;;Y
56515;2000 HD20;2000 HD20;V;A;S;C;;2.36;M;15.5;;A;;0.2;;;;;>;;0.05;;;;;;;Y
56647;2000 KG34;2000 KG34;V;A;S;C;;1.75;T;16.15;;A;;0.2;;7.418;;;;0.23;0.32;2;;;;;;Y
57679;2001 UD46;2001 UD46;V;A;S;M;;2.15;M;15.7;;A;;0.2;>;1;;;>;;0.08;;;;;;Y;
57815;2001 WV25;2001 WV25;V;A;S;C;;2.71;M;15.2;;A;;0.2;;6;;;;;0.3;2;-;;;;;Y
58623;1997 VZ1;1997 VZ1;V;A;S;C;;3.43;T;14.69;;A;;0.2;;10.194;;;;;0.64;2;;;;;;Y
58658;1997 WY57;1997 WY57;V;A;S;C;;2.06;M;15.8;;A;;0.2;;4.95;;;;0.21;0.33;2;;;;;;Y
58948;1998 QT54;1998 QT54;V;A;S;C;;3.64;T;14.56;;A;;0.2;;9.574;;;;;0.33;2;;;;;;Y
58999;1998 SP23;1998 SP23;V;A;S;C;;1.84;T;16.04;;A;;0.2;;10.785;;;;;0.26;2;;;;;;Y
59345;1999 CK135;1999 CK135;V;A;S;C;;3.11;M;14.9;;A;;0.2;;6.19;;;;;0.32;2;;;;;;Y
59489;1999 JQ2;1999 JQ2;V;A;S;C;;3.59;T;14.59;;A;;0.2;;5.455;;;;;0.54;2;;;;;;Y
60348;2000 AT81;2000 AT81;V;A;S;C;;1.84;T;16.04;;A;;0.2;;6.23;;;;;0.79;2;;;;;;Y
60507;2000 DG106;2000 DG106;V;A;S;C;;2.03;T;15.83;;A;;0.2;;9.411;;;;;0.54;2;;;;;;Y
60601;2000 EQ157;2000 EQ157;V;A;S;C;;2.25;T;15.61;;A;;0.2;;19.67;;;;;0.47;2;;;;;;Y
61036;2000 KC59;2000 KC59;V;A;S;C;;1.73;T;16.17;;A;;0.2;;6.617;;;;;0.71;2;;;;;;Y
61898;2000 QZ227;2000 QZ227;V;A;S;M;;2.36;M;15.5;;A;;0.2;>;0.57;;;>;;0.28;;;;;;Y;
63649;2001 QT105;2001 QT105;V;A;S;M;;2.84;M;15.1;;A;;0.2;;2.67;;;;;0.06;2;-;;;;Y;
63702;2001 QK182;2001 QK182;V;A;S;C;;2.77;T;15.15;;A;;0.2;;4.66;;;;;0.14;2;;;;;;Y
64419;2001 UG186;2001 UG186;V;A;S;C;;1.3;T;16.8;;A;;0.2;;14.33;;;;;0.48;2;;;;;;Y
64679;2001 XU68;2001 XU68;V;A;S;C;;2.36;M;15.5;;A;;0.2;;5.59;;;;;0.26;2;-;;;;;
64801;2001 XH210;2001 XH210;V;A;S;C;;1.61;T;16.33;;A;;0.2;;19.02;;;;;0.39;2;;;;;;Y
64939;2001 YP116;2001 YP116;V;A;S;C;;2.03;T;15.83;;A;;0.2;;32.956;;;;;0.49;2;;;;;;Y
64963;2001 YP144;2001 YP144;V;A;S;C;;2.06;M;15.8;;A;;0.2;;137.197;;;;0.64;0.65;2;;;;;;Y
65242;2002 EW115;2002 EW115;V;A;S;C;;2.2;T;15.65;;A;;0.2;;5.168;;;;;0.39;2;;;;;;Y
65345;2002 NF19;2002 NF19;V;A;S;C;;1.82;T;16.06;;A;;0.2;;14.148;;;;;0.35;2;;;;;;Y
65597;3047 T-3;3047 T-3;V;A;S;C;;2.84;M;15.1;;A;;0.2;;7.6;;;;;0.14;2;#NAME?;;;;;
66190;1998 YX5;1998 YX5;V;A;S;C;;2.01;T;15.84;;A;;0.2;;25.778;;;;;0.15;2;;;;;;Y
66295;1999 JC29;1999 JC29;V;A;S;C;;2.23;T;15.63;;A;;0.2;;5.551;;;;;0.59;2;;;;;;Y
67569;2000 SN101;2000 SN101;V;A;S;C;;1.67;T;16.25;;A;;0.2;;9.517;;;;;0.46;2;;;;;;Y
68518;2001 VM14;2001 VM14;V;A;S;C;;2.61;T;15.28;;A;;0.2;;7.16;;;;;0.12;2;;;;;;Y
69068;2003 AO32;2003 AO32;V;A;S;C;;2.33;T;15.53;;A;;0.2;;2.87;;;;;0.13;2;;;;;;Y
69076;2003 AC53;2003 AC53;V;A;S;C;;1.77;T;16.12;;A;;0.2;;4.829;;;;;0.63;2;;;;;;Y
69267;* 1988 RO6;1988 RO6;V;A;S;C;;4.1;M;14.3;;A;;0.2;S;6.4437;;;;;;2;N;;;Y;;
70199;1999 RL22;1999 RL22;V;A;S;C;;2.58;T;15.31;;A;;0.2;;6.738;;;;;0.21;2;;;;;;Y
70202;1999 RR24;1999 RR24;V;A;S;C;;3.04;T;14.95;;A;;0.2;;6.505;;;;;0.82;2;;;;;;Y
70301;1999 RZ130;1999 RZ130;V;A;S;C;;2.3;T;15.56;;A;;0.2;;9.561;;;;;0.33;2;;;;;;Y
70559;1999 TD143;1999 TD143;V;A;S;C;;3.44;T;14.68;;A;;0.2;;6.446;;;;;0.09;1;;;;;;Y
70872;* 1999 VP157;1999 VP157;V;A;S;C;;2.84;M;15.1;;A;;0.2;S;15.4956;;;;;;2;N;;;Y;;
70918;1999 VY195;1999 VY195;V;A;S;C;;2.29;T;15.57;;A;;0.2;;3.202;;;;;0.09;1;;;;;;Y
70973;* 1999 XY20;1999 XY20;V;A;S;C;;3.92;M;14.4;;A;;0.2;S;13.2889;;;;;;2;N;;;Y;;
74056;1998 KM9;1998 KM9;V;A;S;C;;2.47;M;15.4;;A;;0.2;;17.4;;;;;0.5;2;;;;;;
74219;1998 RM78;1998 RM78;V;A;S;C;;5.41;M;13.7;;A;;0.2;;5.7;;;;;0.41;2;-;;;;;
74692;1999 RF134;1999 RF134;V;A;S;C;;1.88;T;16;;A;;0.2;;2.241;;;;;0.1;1;;;;;;Y
74890;1999 TW116;1999 TW116;V;A;S;C;;1.75;T;16.15;;A;;0.2;;4.62;;;;;0.45;1;+;;;;;Y
75045;1999 UK43;1999 UK43;V;A;S;C;;2.63;T;15.26;;A;;0.2;;2.282;;;;;0.08;1;;;;;;Y
75166;1999 VH124;1999 VH124;V;A;S;C;;1.68;T;16.24;;A;;0.2;;2.92;;;;;0.48;1;;;;;;Y
75209;1999 VM192;1999 VM192;V;A;S;C;;2.44;T;15.43;;A;;0.2;;6.44;;;;;0.36;2;;;;;;Y
75277;1999 XN19;1999 XN19;V;A;S;C;;2.33;T;15.53;;A;;0.2;;3.607;;;;;0.09;1;;;;;;Y
75364;1999 XZ74;1999 XZ74;V;A;S;C;;2.68;T;15.22;;A;;0.2;;33.567;;;;;0.72;2;;;;Y;;Y
75403;1999 XH102;1999 XH102;V;A;S;C;;2.28;T;15.58;;A;;0.2;;7.139;;;;;0.3;2;;;;;;Y
75423;1999 XO119;1999 XO119;V;A;S;C;;2.42;T;15.45;;A;;0.2;;2.552;;;;;0.3;2;;;;;;Y
75426;1999 XJ123;1999 XJ123;V;A;S;C;;2.61;T;15.28;;A;;0.2;;7.45;;;;;0.19;2;;;;;;Y
75482;1999 XC173;1999 XC173;V;A;S;C;;2.96;T;15.01;;A;;0.2;;1234.171;;;;;0.69;2;;;;;;Y
75555;Wonaszek;1999 YW14;V;A;S;C;;1.71;M;16.2;;A;;0.2;;7.22;;;;;0.12;1;;;;;;Y
75605;2000 AA32;2000 AA32;V;A;S;C;;2.02;T;15.84;;A;;0.2;;4.68;;;;;0.41;2;;;;;;Y
77105;2001 DG69;2001 DG69;V;A;S;C;;1.32;T;16.76;;A;;0.2;;40.949;;;;;0.38;2;;;;;;Y
77186;2001 FS9;2001 FS9;V;A;S;C;;1.99;T;15.87;;A;;0.2;;32.112;;;;;0.52;2;;;;;;Y
77357;2001 FW125;2001 FW125;V;A;S;C;;2.36;M;15.5;;A;;0.2;;2.6;;;;;0.26;2;#NAME?;;;;;
77590;2001 KM17;2001 KM17;V;A;S;C;;2.12;T;15.73;;A;;0.2;;5.892;;;;;0.69;2;;;;;;Y
79223;1994 PM12;1994 PM12;V;A;S;C;;1.67;T;16.25;;A;;0.2;;4.315;;;;;0.53;2;;;;;;Y
79314;1996 DP1;1996 DP1;V;A;S;C;;1.73;T;16.17;;A;;0.2;;8.499;;;;;0.5;2;;;;;;Y
79559;1998 QQ51;1998 QQ51;V;A;S;C;;2.85;T;15.09;;A;;0.2;;62.854;;;;;0.49;2;;;;;;Y
79621;1998 RF62;1998 RF62;V;A;S;C;;2.11;T;15.74;;A;;0.2;;3.512;;;;;0.55;2;;;;;;Y
79704;1998 SF90;1998 SF90;V;A;S;C;;2.01;T;15.85;;A;;0.2;;6.4;;;;;0.67;2;+;;;;;Y
79738;1998 ST138;1998 ST138;V;A;S;C;;1.98;T;15.88;;A;;0.2;;7.28;;;;;0.76;2;;;;;;Y
80582;2000 AY125;2000 AY125;V;A;S;C;;2.63;T;15.26;;A;;0.2;;2.54;;;;;0.09;1;;;;;;Y
80678;2000 BR25;2000 BR25;V;A;S;C;;2.07;T;15.79;;A;;0.2;;5.066;;;;;0.46;2;;;;;;Y
80775;2000 CN65;2000 CN65;V;A;S;C;;1.61;T;16.33;;A;;0.2;;5.362;;;;;0.54;2;;;;;;Y
80940;2000 DD86;2000 DD86;V;A;S;C;;2.15;M;15.7;;A;;0.2;;3.48;;;;;0.36;2;+;;;;;
80954;2000 DZ98;2000 DZ98;V;A;S;C;;1.94;T;15.93;;A;;0.2;;21.048;;;;;0.82;2;;;;;;Y
81174;2000 EO170;2000 EO170;V;A;S;C;;2.17;T;15.68;;A;;0.2;;5.86;;;;;0.61;2;;;;;;Y
81178;2000 EB175;2000 EB175;V;A;S;C;;2.15;M;15.7;;A;;0.2;;;;;;;;;HN;;;;;Y
81263;2000 FZ43;2000 FZ43;V;A;S;C;;1.96;M;15.9;;A;;0.2;;6.3;;;;;0.8;3;-;;;;;
82660;2001 PG16;2001 PG16;V;A;S;C;;1.99;T;15.87;;A;;0.2;;5.631;;;;0.33;0.95;2;;;;;;
84597;2002 VD31;2002 VD31;V;A;S;C;;1.67;T;16.25;;A;;0.2;;5.351;;;;;0.08;1;;;;;;Y
84668;2002 VS82;2002 VS82;V;A;S;C;;2.17;T;15.68;;A;;0.2;;6.67;;;;;0.61;2;+;;;;;Y
85611;1998 HW16;1998 HW16;V;A;C;C;;1.88;M;16;;A;;0.2;;;;;;;;;HN;;;;;Y
86653;2000 EY170;2000 EY170;V;A;S;C;;1.96;M;15.9;;A;;0.2;;;;;;;;;HN;;;;;Y
88352;2001 OJ86;2001 OJ86;V;A;S;C;;2.25;M;15.6;;A;;0.2;;7.01;;;;;0.17;2;-;;;;;
88367;2001 PY8;2001 PY8;V;A;S;C;;2.12;T;15.73;;A;;0.2;;3.962;;;;0.44;0.51;2;;;;;;Y
88531;2001 QO180;2001 QO180;V;A;S;C;;1.35;T;16.71;;A;;0.2;;2.9;;;;;0.44;2;;;;;;Y
88622;2001 RU10;2001 RU10;V;A;S;C;;2.15;M;15.7;;A;;0.2;;4.524;;;;0.34;0.36;2;;;;;;Y
88742;2001 SU48;2001 SU48;V;A;S;C;;1.55;T;16.42;;A;;0.2;;7.44;;;;;0.66;2;;;;;;Y
89198;2001 UQ83;2001 UQ83;V;A;S;C;;2.09;T;15.77;;A;;0.2;;7.589;;;;;0.98;2;;;;;;Y
89238;2001 UQ153;2001 UQ153;V;A;S;M;;1.88;M;16;;A;;0.2;>;1;;;>;;0.05;;;;;;Y;
89410;2001 WQ13;2001 WQ13;V;A;S;C;;2.36;M;15.5;;A;;0.2;;10.895;;;;0.24;0.27;2;;;;;;Y
89413;2001 WM21;2001 WM21;V;A;S;C;;1.81;T;16.08;;A;;0.2;;7.876;;;;0.37;0.38;2;;;;;;Y
89736;2002 AC1;2002 AC1;V;A;S;C;;2.59;M;15.3;;A;;0.2;;10.699;;;;0.51;0.55;2;;;;;;Y
90068;2002 VV77;2002 VV77;V;A;S;C;;2.36;M;15.5;;A;;0.2;;;;;;;;;HN;;;;;Y
92498;2000 NH9;2000 NH9;V;A;S;C;;2.15;M;15.7;;A;;0.2;;2.89;;;;;0.35;2;;;;;;
93461;2000 ST363;2000 ST363;V;A;S;C;;1.71;M;16.2;;A;;0.2;;2.845;;;;;0.09;2;-;;;;;Y
95019;2002 AR10;2002 AR10;V;A;S;C;;1.65;T;16.27;;A;;0.2;;4.954;;;;;0.68;2;;;;;;Y
96107;4109 T-2;4109 T-2;V;A;S;M;;1.71;M;16.2;;A;;0.2;>;2.32;;;>;;0.33;;;;;;Y;
96635;1999 GR4;1999 GR4;V;A;S;C;;2.15;T;15.7;;A;;0.2;;54.606;;;;;0.82;2;;;;;;Y
96817;1999 RK166;1999 RK166;V;A;S;C;;2.32;T;15.54;;A;;0.2;;5.631;;;;;0.83;2;;;;;;Y
97674;2000 FJ50;2000 FJ50;V;A;S;C;;2.05;T;15.8;;A;;0.2;;8.161;;;;;0.4;2;;;;;;Y
98384;2000 TG42;2000 TG42;V;A;S;C;;1.45;T;16.56;;A;;0.2;;67.293;;;;;0.75;2;;;;;;Y
99656;2002 HD9;2002 HD9;V;A;S;C;;1.79;T;16.1;;A;;0.2;;5.339;;;;;0.4;2;;;;;;Y
101935;1999 RV22;1999 RV22;V;A;S;C;;1.91;T;15.96;;A;;0.2;;5.786;;;;;0.1;1;;;;;;Y
102529;1999 UD4;1999 UD4;V;A;S;C;;2.49;T;15.39;;A;;0.2;;2.238;;;;;0.07;1;;;;;;Y
102720;1999 VW98;1999 VW98;V;A;S;C;;1.3;T;16.8;;A;;0.2;;3.81;;;;;0.77;1;+;;;;;Y
102798;1999 VF165;1999 VF165;V;A;S;C;;1.55;T;16.42;;A;;0.2;;6.36;;;;;0.68;1;+;;;;;Y
103071;1999 XU150;1999 XU150;V;A;S;C;;1.05;T;17.26;;A;;0.2;;7.399;;;;;0.55;2;;;;;;Y
103132;1999 XY198;1999 XY198;V;A;S;C;;2.15;M;15.7;;A;;0.2;;2.51;;;;;0.17;2;+;;;;;
104087;2000 EV32;2000 EV32;V;A;S;M;;2.25;M;15.6;;A;;0.2;>;1.98;;;>;;0.2;;;;;;Y;
104182;2000 EB96;2000 EB96;V;A;S;C;;1.61;T;16.33;;A;;0.2;;195.786;;;;;0.71;2;;;;;;Y
109137;2001 QO54;2001 QO54;V;A;S;C;;1.57;T;16.39;;A;;0.2;;5.58;;;;;1.13;2;;;;;;Y
109362;2001 QO157;2001 QO157;V;A;S;C;;1.66;T;16.26;;A;;0.2;;194.772;;;;;0.08;1;;;;;;Y
109653;2001 RS7;2001 RS7;V;A;S;C;;1.26;T;16.86;;A;;0.2;;6.499;;;;0.67;0.68;2;;;;;;Y
110091;2001 SW120;2001 SW120;V;A;C;C;;2.36;M;15.5;;A;;0.2;;;;;;;;;HN;;;;;Y
114146;2002 VT62;2002 VT62;V;A;S;C;;1.49;T;16.5;;A;;0.2;;7.626;;;;;1.11;2;;;;;;Y
114297;2002 XC32;2002 XC32;V;A;S;C;;1.88;M;16;;A;;0.2;;;;;;;;;HN;;;;;Y
114332;2002 XX64;2002 XX64;V;A;S;C;;2.15;M;15.7;;A;;0.2;;;;;;;;;HN;;;;;Y
115358;2003 SY249;2003 SY249;V;A;S;C;;1.47;T;16.53;;A;;0.2;;4.85;;;;;0.43;2;-;;;;;Y
117982;2134 T-1;2134 T-1;V;A;S;C;;1.41;T;16.62;;A;;0.2;;6.86;;;;;0.6;1;DA;;;;;Y
118594;2000 GZ89;2000 GZ89;V;A;S;C;;1.37;T;16.68;;A;;0.2;;5.325;;;;0.73;0.87;2;;;;;;Y
118612;2000 GU143;2000 GU143;V;A;S;C;;2.15;M;15.7;;A;;0.2;;8.909;;;;0.57;0.72;2;;;;;;Y
119104;2001 ON53;2001 ON53;V;A;S;M;;1.63;M;16.3;;A;;0.2;>;0.92;;;>;;0.18;;;;;;Y;
119341;2001 SL168;2001 SL168;V;A;S;C;;2.59;M;15.3;;A;;0.2;;3.106;;;;;0.29;2;;;;;;Y
119409;2001 TH72;2001 TH72;V;A;S;C;;2.04;L;15.86;;A;;0.2;;8.74;;;;;1.28;1;+;;;;;
122154;2000 JS59;2000 JS59;V;A;S;C;;2;T;15.86;;A;;0.2;;3.53;;;;;0.29;2;;;;;;Y
122179;2000 KT38;2000 KT38;V;A;S;M;;1.79;M;16.1;;A;;0.2;>;1.15;;;>;;0.09;;;;;;Y;
124297;2001 QE57;2001 QE57;V;A;S;C;;1.63;T;16.3;;A;;0.2;;5.78;;;;;0.77;2;;;;;;Y
124497;2001 RF45;2001 RF45;V;A;S;C;;2.29;T;15.57;;A;;0.2;;7.252;;;;;0.21;2;;;;;;Y
124548;2001 RT126;2001 RT126;V;A;S;C;;1.71;M;16.2;;A;;0.2;;6.498;;;;;0.25;2;;;;;;Y
124965;2001 TF104;2001 TF104;V;A;S;C;;1.6;T;16.34;;A;;0.2;;4.955;;;;;0.73;2;;;;;;Y
125001;2001 TG154;2001 TG154;V;A;S;C;;1.77;T;16.12;;A;;0.2;;5.571;;;;;0.42;2;;;;;;Y
125390;2001 VZ84;2001 VZ84;V;A;S;C;;1.49;T;16.5;;A;;0.2;;9.14;;;;;0.53;2;;;;;;Y
125648;* 2001 XS66;2001 XS66;V;A;S;C;;2.36;M;15.5;;A;;0.2;S;7.5811;;;;;;2;N;;;Y;;
126267;2002 AN86;2002 AN86;V;A;S;C;;1.82;L;16.1;;A;;0.2;;;;;;;;;N;;;;;
128471;2004 OG13;2004 OG13;V;A;S;M;;1.63;M;16.3;;A;;0.2;;3;;;;;0.97;2;;;;;Y;
129952;1999 TW220;1999 TW220;V;A;S;C;;1.84;T;16.04;;A;;0.2;;17.109;;;;;0.07;1;;;;;;Y
130623;2000 SP41;2000 SP41;V;A;S;C;;1.71;M;16.2;;A;;0.2;;4.505;;;;;0.52;2;;;;;;Y
130682;2000 SM122;2000 SM122;V;A;S;C;;2.47;M;15.4;;A;;0.2;;5.046;;;;;0.59;2;;;;;;Y
130753;2000 SA275;2000 SA275;V;A;S;C;;1.71;M;16.2;;A;;0.2;;53.595;;;;;0.67;2;;;;;;Y
130820;2000 UH17;2000 UH17;V;A;S;C;;1.38;T;16.67;;A;;0.2;;12.98;;;;;0.7;2;;;;;;Y
134554;1999 RE169;1999 RE169;V;A;S;C;;1.37;T;16.68;;A;;0.2;;4.117;;;;;0.4;2;;;;;;Y
134702;1999 XQ125;1999 XQ125;V;A;S;C;;1.75;T;16.15;;A;;0.2;;3.84;;;;;0.28;2;;;;;;Y
135378;2001 TG148;2001 TG148;V;A;S;C;;1.5;T;16.49;;A;;0.2;;9.603;;;;0.61;0.64;2;;;;;;Y
136578;1981 EL45;1981 EL45;V;A;S;C;;1.61;T;16.33;;A;;0.2;;5.223;;;;;0.41;2;;;;;;Y
136734;1995 VF6;1995 VF6;V;A;S;C;;1.01;T;17.35;;A;;0.2;;21.966;;;;;0.4;2;;;;;;Y
137359;1999 TS113;1999 TS113;V;A;S;C;;1.7;T;16.22;;A;;0.2;;5.437;;;;;0.56;2;;;;;;Y
137736;1999 XX125;1999 XX125;V;A;S;C;;1.36;T;16.7;;A;;0.2;;67.796;;;;;0.6;2;;;;;;Y
138503;2000 KC58;2000 KC58;V;A;S;C;;1.9;T;15.97;;A;;0.2;;6.86;;;;;0.2;2;;;;;;Y
139312;2001 KO23;2001 KO23;V;A;S;C;;1.3;T;16.8;;A;;0.2;;4.003;;;;;0.49;2;;;;;;Y
141977;2002 PZ127;2002 PZ127;V;A;S;C;;1.71;M;16.2;;A;;0.2;;19.59;;;;;0.1;1;;;;;;Y
143950;2003 YR120;2003 YR120;V;A;S;C;;1.34;T;16.73;;A;;0.2;;17.105;;;;;0.62;2;;;;;;Y
144033;2004 BO22;2004 BO22;V;A;S;C;;1.36;T;16.7;;A;;0.2;;4.368;;;;;0.43;2;;;;;;Y
144054;2004 BM34;2004 BM34;V;A;S;C;;1.36;T;16.69;;A;;0.2;;10.605;;;;;0.79;2;;;;;;Y
144067;2004 BP44;2004 BP44;V;A;S;C;;1.43;T;16.59;;A;;0.2;;5.49;;;;;1.19;2;;;;;;Y
145105;2005 GW101;2005 GW101;V;A;S;C;;1.42;T;16.61;;A;;0.2;;6.23;;;;;0.53;2;;;;;;Y
146021;2000 DB4;2000 DB4;V;A;S;C;;1.56;M;16.4;;A;;0.2;;;;;;;;;HN;;;;;Y
147037;2002 RZ51;2002 RZ51;V;A;S;C;;1.59;T;16.36;;A;;0.2;;4.234;;;;;0.4;2;;;;;;Y
147213;2002 WX13;2002 WX13;V;A;S;C;;1.88;M;16;;A;;0.2;;;;;;;;;HN;;;;;Y
147887;2006 RY26;2006 RY26;V;A;S;C;;1.56;M;16.4;;A;;0.2;;4.6566;;;;;0.8;3;;;;;;Y
149385;2002 YS23;2002 YS23;V;A;S;C;;1.61;T;16.33;;A;;0.2;;3.316;;;;0.28;0.29;2;;;;;;Y
149686;2004 GB35;2004 GB35;V;A;S;C;;1.71;M;16.2;;A;;0.2;>;72;;;>;;1;2;HN;;;;;Y
151036;2001 UE182;2001 UE182;V;A;S;C;;1.94;T;15.93;;A;;0.2;;4.974;;;;;0.36;2;;;;;;Y
153672;2001 TO189;2001 TO189;V;A;S;C;;1.5;T;16.49;;A;;0.2;;28.24;;;;;0.66;2;;;;;;Y
154487;2003 EZ35;2003 EZ35;V;A;S;C;;1.73;T;16.17;;A;;0.2;;5.75;;;;;0.56;2;;;;;;Y
155712;2000 QA175;2000 QA175;V;A;S;C;;1.54;T;16.43;;A;;0.2;;3.17;;;;;0.45;2;;;;;;Y
155749;2000 SR97;2000 SR97;V;A;S;M;;1.96;M;15.9;;A;;0.2;>;1.15;;;>;;0.2;;;;;;Y;
156230;2001 UE119;2001 UE119;V;A;S;C;;1.79;M;16.1;;A;;0.2;;5.6;;;;;0.8;2;+;;;;;Y
157124;2004 NJ13;2004 NJ13;V;A;S;C;;1.63;M;16.3;;A;;0.2;;;;;;;;;;;;;;Y
159569;2001 UD163;2001 UD163;V;A;S;M;;1.71;M;16.2;;A;;0.2;>;0.97;;;>;;0.63;;;;;;Y;
161210;2002 UG6;2002 UG6;V;A;S;C;;1.53;T;16.45;;A;;0.2;;34.207;;;;;0.43;2;;;;;;Y
161772;2006 TG89;2006 TG89;V;A;S;C;;1.12;T;17.12;;A;;0.2;;7.194;;;;;0.57;2;;;;;;Y
162713;2000 UY95;2000 UY95;V;A;S;C;;1.79;M;16.1;;A;;0.2;;4.098;;;;;0.4;2;;;;;;Y
170965;2005 CW11;2005 CW11;V;A;S;C;;1.36;M;16.7;;A;;0.2;;;;;;;;;HN;;;;;Y
171400;2006 QZ98;2006 QZ98;V;A;S;C;;1.77;T;16.13;;A;;0.2;;4.852;;;;;0.65;2;;;;;;Y
174136;2002 NR15;2002 NR15;V;A;S;C;;1.4;T;16.63;;A;;0.2;;2.316;;;;;0.1;1;;;;;;Y
174837;2003 YP112;2003 YP112;V;A;S;C;;1.44;T;16.58;;A;;0.2;;42.97;;;;;0.87;2;;;;;;Y
176829;2002 TH166;2002 TH166;V;A;S;C;;1.28;T;16.84;;A;;0.2;;14.596;;;;;0.77;2;;;;;;Y
177302;2003 YB7;2003 YB7;V;A;S;C;;1.26;T;16.86;;A;;0.2;;7.735;;;;;0.88;2;;;;;;Y
180511;2004 DC10;2004 DC10;V;A;S;C;;1.53;T;16.44;;A;;0.2;;13.288;;;;;0.25;2;;;;;;Y
183050;2002 QV70;2002 QV70;V;A;S;C;;0.87;3 T;17.66;;A;;0.2;;39.635;;;;;0.78;2;;;;;;Y
183263;2002 TG215;2002 TG215;V;A;S;C;;1.39;T;16.65;;A;;0.2;;49.831;;;;;0.56;2;;;;;;Y
183303;2002 UU33;2002 UU33;V;A;S;C;;1.41;T;16.62;;A;;0.2;;6.006;;;;;0.48;2;;;;;;Y
184483;2005 OX14;2005 OX14;V;A;S;C;;1.4;T;16.63;;A;;0.2;;6.998;;;;;0.63;2;;;;;;Y
185360;2006 VZ88;2006 VZ88;V;A;S;C;;1.2;T;16.97;;A;;0.2;;5.65;;;;;0.97;2;;;;;;Y
186859;2004 GW56;2004 GW56;V;A;S;C;;1.38;T;16.67;;A;;0.2;;54.724;;;;;0.38;2;;;;;;Y
188451;2004 HR59;2004 HR59;V;A;S;C;;1.56;M;16.4;;A;;0.2;;;;;;;;;;;;;;
188967;2008 CW153;2008 CW153;V;A;S;C;;1.11;T;17.15;;A;;0.2;;40.506;;;;;0.55;2;;;;;;Y
189218;2004 DC37;2004 DC37;V;A;S;C;;1.56;M;16.4;;A;;0.2;;41.2;;;;;0.19;2;-;;;;;
189707;2001 TD148;2001 TD148;V;A;S;M;;1.71;M;16.2;;A;;0.2;>;1.5;;;>;;0.16;;;;;;Y;
189740;2001 XA80;2001 XA80;V;A;S;C;;1.33;T;16.74;;A;;0.2;;9.32;;;;;0.37;2;;;;;;Y
190509;2000 HX47;2000 HX47;V;A;S;M;;1.18;M;17;;A;;0.2;>;1.72;;;>;;0.4;;;;;;Y;
194912;2002 AG114;2002 AG114;V;A;S;C;;1.88;M;16;;A;;0.2;;12.68;;;;;1;2;;;;;;Y
196467;2003 JX8;2003 JX8;V;A;S;C;;1.2;T;16.97;;A;;0.2;;5.506;;;;;0.55;2;;;;;;Y
197712;2004 PS3;2004 PS3;V;A;S;C;;1.55;T;16.41;;A;;0.2;;;;;;;0.86;;;;;;;Y
197746;2004 PN30;2004 PN30;V;A;S;M;;1.49;M;16.5;;A;;0.2;>;0.92;;;>;;0.14;;;;;;Y;
200772;2001 XJ23;2001 XJ23;V;A;S;C;;1.56;M;16.4;;A;;0.2;;8.9;;;;;0.66;2;-;;;;;Y
209060;2003 QU50;2003 QU50;V;A;S;C;;1.79;M;16.1;;A;;0.2;;4.14;;;;;0.6;3;-;;;;;
213900;2003 UN34;2003 UN34;V;A;S;C;;0.89;3 T;17.61;;A;;0.2;;4.9;;;;;0.58;1;+;;;;;Y
216732;2005 GA169;2005 GA169;V;A;S;C;;1.22;T;16.94;;A;;0.2;;4.66;;;;;0.27;2;-;;;;;Y
217202;2002 TP198;2002 TP198;V;A;S;C;;1.44;T;16.57;;A;;0.2;;13.62;;;;;0.5;1;#NAME?;;;;;Y
218138;2002 RT29;2002 RT29;V;A;S;C;;1.02;T;17.33;;A;;0.2;;4.286;;;;;0.37;2;;;;;;Y
220119;2002 TV47;2002 TV47;V;A;S;C;;1.39;T;16.65;;A;;0.2;;32.975;;;;;0.1;1;;;;;;Y
220205;2002 VH30;2002 VH30;V;A;S;C;;1.13;T;17.1;;A;;0.2;;9.835;;;;;0.36;2;;;;;;Y
223151;2002 XP8;2002 XP8;V;A;S;C;;1.23;T;16.91;;A;;0.2;;11.341;;;;;0.66;2;;;;;;Y
230162;2001 QE244;2001 QE244;V;A;S;C;;1.18;T;17;;A;;0.2;;5.78;;;;;0.47;2;;;;;;Y
230242;2001 UD131;2001 UD131;V;A;S;M;;1.49;M;16.5;;A;;0.2;>;1.33;;;>;;0.11;;;;;;Y;
243370;* 2008 WA112;2008 WA112;V;A;S;C;;1.36;M;16.7;;A;;0.2;S;19.3603;;;;;;2;N;;;Y;;
255623;2006 PV25;2006 PV25;V;A;S;C;;1.05;T;17.27;;A;;0.2;;59.226;;;;;0.52;2;;;;;;Y
255787;2006 RF100;2006 RF100;V;A;S;C;;1.12;T;17.12;;A;;0.2;;4.658;;;;;0.37;2;;;;;;Y
256033;2006 UJ47;2006 UJ47;V;A;S;C;;1.18;M;17;;A;;0.2;;0.6419;;;;;0.08;1;;;;;;Y
257325;2009 HN99;2009 HN99;V;A;S;C;;1.02;T;17.33;;A;;0.2;;4.62;;;;;0.38;2;+;;;;;Y
264331;1999 UG47;1999 UG47;V;A;S;C;;0.95;7 T;17.46;;A;;0.2;;5.85;;;;;0.61;2;;;;;;Y
268906;2007 CR3;2007 CR3;V;A;S;C;;1.56;M;16.4;;A;;0.2;;;;;;;;;HN;;;;;Y
269656;1995 CD5;1995 CD5;V;A;S;C;;1.13;M;17.1;;A;;0.2;;;;;;;;;HN;;;;;Y
273498;2007 AX18;2007 AX18;V;A;S;C;;1.43;T;16.59;;A;;0.2;;9.1;;;;;0.36;2;;;;;;Y
279536;2011 CV;2011 CV;V;A;S;C;;1.26;T;16.87;;A;;0.2;;9.189;;;;;0.72;2;;;;;;Y
283252;2011 EL53;2011 EL53;V;A;S;C;;1.22;T;16.93;;A;;0.2;;8.28;;;;;0.68;2;;;;;;Y
286771;2002 JF23;2002 JF23;V;A;S;C;;1.27;T;16.84;;A;;0.2;;8.584;;;;;0.31;2;;;;;;Y
293743;2007 RL45;2007 RL45;V;A;S;C;;1.16;L;17.09;;A;;0.2;;;;;;;;;N;;;;;
295646;2008 SG280;2008 SG280;V;A;S;C;;1.02;T;17.31;;A;;0.2;;5.342;;;;;0.59;2;;;;;;Y
296886;2010 AF79;2010 AF79;V;A;S;C;;1.06;T;17.24;;A;;0.2;;9.613;;;;0.45;0.69;2;;;;;;Y
307096;2002 AG203;2002 AG203;V;A;S;M;;1.24;M;16.9;;A;;0.2;>;1.5;;;>;;0.56;;;;;;Y;
307391;2002 TY25;2002 TY25;V;A;S;C;;1.4;T;16.63;;A;;0.2;;25.503;;;;;0.08;1;;;;;;Y
319523;2006 RB39;2006 RB39;V;A;S;C;;1.13;M;17.1;;A;;0.2;;2.514;;;;;0.12;1;;;;;;Y
327192;2005 MH22;2005 MH22;V;A;S;C;;0.93;1 T;17.52;;A;;0.2;;7.8;;;;;0.79;2;;;;;;Y
330388;2006 XS51;2006 XS51;V;A;S;C;;0.81;5 T;17.81;;A;;0.2;;7.2;;;;;0.75;1;#NAME?;;;;;Y
332477;2008 ED83;2008 ED83;V;A;S;C;;0.95;3 T;17.47;;A;;0.2;;13.52;;;;;1.12;2;-;;;;;Y
334150;2001 RA129;2001 RA129;V;A;S;C;;1.12;T;17.12;;A;;0.2;;5.294;;;;0.49;0.51;2;;;;;;Y
334707;2003 FH45;2003 FH45;V;A;S;M;;1.36;M;16.7;;A;;0.2;>;1.78;;;>;;0.39;;;;;;Y;
335445;2005 UV354;2005 UV354;V;A;S;C;;0.9;8 T;17.57;;A;;0.2;;6.304;;;;0.6;0.68;2;;;;;;Y
337824;2001 VG28;2001 VG28;V;A;S;C;;0.98;2 T;17.4;;A;;0.2;;2.548;;;;;0.41;2;;;;;;Y
340256;2006 BW139;2006 BW139;V;A;S;C;;1;T;17.36;;A;;0.2;;11.71;;;;;0.5;2;;;;;;Y
342293;2008 TZ35;2008 TZ35;V;A;S;M;;1.3;M;16.8;;A;;0.2;>;1.33;;;>;;0.17;;;;;;Y;
344597;2003 DW3;2003 DW3;V;A;S;C;;1.02;T;17.31;;A;;0.2;;10.636;;;;0.36;0.42;2;;;;;;Y
349755;2009 AE2;2009 AE2;V;A;S;C;;1.49;M;16.5;;A;;0.2;;8.47;;;;;0.61;2;-;;;;;Y
381065;2006 XQ60;2006 XQ60;V;A;S;C;;0.94;0 M;17.5;;A;;0.2;;;;;;;;;HN;;;;;Y
381418;2008 KQ29;2008 KQ29;V;A;S;C;;1.08;M;17.2;;A;;0.2;;;;;;;;;HN;;;;;Y
387135;2012 TC196;2012 TC196;V;A;S;C;;1.26;T;16.87;;A;;0.2;;4.059;;;;0.47;0.65;2;;;;;;Y
389966;2012 TZ200;2012 TZ200;V;A;S;M;;1.24;M;16.9;;A;;0.2;>;1.88;;;>;;0.25;;;;;;Y;
423906;2006 SO275;2006 SO275;V;A;S;C;;1.03;M;17.3;;A;;0.2;;3.0477;;;;;0.12;1;+;;;;;Y
427463;2001 TO219;2001 TO219;V;A;S;C;;1.18;M;17;;A;;0.2;;;;;;;;;HN;;;;;Y
428234;2006 WV182;2006 WV182;V;A;S;C;;0.74;3 T;18.01;;A;;0.2;;2.51;;;;;0.63;1;;;;;;Y
435528;2008 KG25;2008 KG25;V;A;S;C;;0.94;0 M;17.5;;A;;0.2;;;;;;;;;HN;;;;;Y
438202;2005 UE129;2005 UE129;V;A;S;C;;0.85;7 M;17.7;;A;;0.2;>;14;;;>;;0.2;;;;;;;
471002;2009 SN170;2009 SN170;V;A;S;C;;0.94;0 M;17.5;;A;;0.2;;;;;;;;;HN;;;;;Y
484673;2008 UM103;2008 UM103;V;A;S;C;;0.89;7 M;17.6;;A;;0.2;;19.4;;;;;0.6;2;-;;;;;Y
508084;2015 DT86;2015 DT86;V;A;S;C;;0.78;2 T;17.9;;A;;0.2;;5.89;;;;;0.92;2;;;;;;Y
511112;2013 WC14;2013 WC14;V;A;S;C;;0.85;7 M;17.7;;A;;0.2;;;;;;;;;HN;;;;;Y
513723;2012 TK44;2012 TK44;V;A;S;C;;0.68;1 T;18.2;;A;;0.2;;3.36;;;;;0.54;2;;;;;;Y
513917;2014 AF53;2014 AF53;V;A;S;C;;0.71;3 T;18.1;;A;;0.2;;5.36;;;;;0.72;2;;;;;;Y
;2002 RE200;2002 RE200;V;A;S;C;;1.03;T;17.31;;A;;0.2;;4.97;;;;;0.89;2;;;;;;Y
;2005 SK146;2005 SK146;V;A;S;C;;0.84;5 T;17.73;;A;;0.2;;10.43;;;;;0.74;2;;;;;;Y
;2014 TO9;2014 TO9;V;A;S;C;;0.56;9 T;18.59;;A;;0.2;;9.8;;;;;1.07;2;;;;;;Y
